title,dates,press,link,content,time
"비트코인, 엇갈린 전문가 새해 전망에 '시세 보합세'",2023.01.04,딜라이트닷넷,http://www.delighti.co.kr/,,
"비트코인 탄생 14주년 기념, '제네시스 데이' 축하",2023.01.04,글로벌이코노믹,http://www.g-enews.com/,,
"[토큰포스트 오후 브리핑] 尹 ""너무 늦다"" 지적…'블록체인·메타버스 규제' ...",2023.01.04,토큰포스트,https://www.tokenpost.kr,,
[오후 시세브리핑] 시장 강보합세...비트코인 1만6710달러선,2023.01.04,토큰포스트,https://www.tokenpost.kr,,
"비트코인 시세 낙관론 퍼져, 연준 정례회의 계기로 1만9천 달러 가능성",2023.01.04,비즈니스포스트,http://www.businesspost.co.kr/,,
"우크라이나 최대 약국체인, 가상화폐 결제시스템 도입",2023.01.04,경향게임스,http://www.khgames.co.kr/,,
"[가상화폐 시세] 비트코인 2100만원선 유지…도지코인 92원선, 이더리움 160만...",2023.01.04,이코노뉴스,http://www.econonews.co.kr/,,
비트코인 답답한 2100만원대 벗어날까...우리기술투자 비덴트 위지트 다날 주...,2023.01.04,핀포인트뉴스,http://www.pinpointnews.co.kr,,
올해 비트코인 약세장 끝난다?,2023.01.04,코인리더스,http://coinreaders.com,,
'유동성 위기' 그레이스케일…이더리움 신탁 할인율 사상 최대,2023.01.04,6면 3단,https://n.news.naver.com/mnews/article/030/0003070346?sid=101,"




글로벌 최대 규모 디지털자산 운용사 그레이스케일의 주요 가상자산 신탁(Trust) 상품이 사상 최대 할인율을 기록하고 있다. FTX 사태 등 잇단 악재로 그레이스케일의 재무건전성 신뢰도가 하락한 것이 주원인으로 꼽힌다.4일 가상자산 데이터 사이트 와이차트 기준 그레이스케일의 이더리움신탁(ETHE)은 순자산가치(NAV) 대비 60%대 할인율을 기록, 출범 이래 최대 할인폭을 나타냈다.ETHE는 투자자들이 이더리움을 직접 보유하지 않고도 이더리움 가격 변동에 의한 수익을 얻을 수 있도록 설계된 투자신탁상품이다. ETHE의 60% 할인율은 이더리움 현물 대비 60% 저렴하다는 의미다. 지난해 11월 1일 31.95%의 할인율을 기록한 ETHE는 12월 1개월 동안에만 할인율이 15% 이상 증가하는 모습을 보였다.이와 같은 할인율 증가는 투자자들이 보유한 ETHE의 이더리움 현물 교환 가능성에 불안감을 느끼고 있음을 의미한다. 그레이스케일은 신탁 상환 프로그램을 지원하지 않기 때문에 투자자는 ETHE를 이더리움 현물로 직접 교환할 수 없다.그레이스케일이 운용하는 비트코인 신탁 상품 GBTC 역시 현재 할인율 45%로 사상 최대 수준을 이어 가고 있다. GBTC가 운용하는 비트코인은 약 105억달러어치에 해당하며, 이는 비트코인 전체 시가총액의 3.3%에 해당한다. 만약 신탁이 청산 단계로 들어가면 해당 물량이 시장에 쏟아져 나와서 코인 거래 가격에 큰 충격을 가할 가능성도 있다.이와 같은 우려는 그레이스케일 모회사 디지털커런시그룹(DCG)의 유동성 문제에서 기인한다. DGC가 소유한 가상자산 기업 제네시스 글로벌 트레이딩의 파산 가능성으로 말미암아 관련사 전체가 흔들리고 있다.제네시스는 현재 글로벌 가상자산거래소 제미니에 약 16억8000만달러 규모 부채를 지고 있다. 제미니 거래소 이용자들이 '언(Earn)' 서비스를 통해 제네시스에 돈을 빌려줬는데, FTX 사태로 유동성에 문제가 생기자 제네시스가 원리금 지급을 중단하면서 문제가 확대됐다. 제미니 측은 베리 실버트 DCG 회장에게 오는 8일까지 고객 예치금 9억원을 상환하라는 공개 서한을 지난 2일 보냈다.DCG 사태는 국내 가상자산 시장에도 영향을 미치고 있다. DCG는 국내 가상자산거래소 고팍스(스트리미)의 2대 주주인데, 제네시스의 유동성 문제로 인해 고팍스 역시 이들과 협력을 통해 운영하던 가상자산 예치 서비스 '고파이' 자금 인출에 어려움을 겪고 있다.고팍스 측은 투자 유치를 통해 고파이 상환 등을 포함한 문제를 해결하겠다는 입장이다. 신규 투자자로는 바이낸스가 유력한 상황이지만 고팍스는 비밀유지 조항을 이유로 계약 상대를 공개하지 않고 있다.고팍스는 “글로벌 최대 블록체인 인프라 업체와의 실사가 마무리됐으며, 양사 간 협의가 대부분 이뤄진 상태”라면서 “해외투자자 참여에 따른 절차상 점검 및 일부 소액주주들과의 협의 때문에 마무리가 예상보다 늦어지고 있다”고 설명했다.
",2023-01-04 14:25:01
이더인디아(ETHIndia) 2022 : 웹3 인프라의 파워하우스가 되어가는 인도 [1편...,2023.01.04,한국경제,https://n.news.naver.com/mnews/article/015/0004795732?sid=105,"
이탁근 해시드이머전트 대표, 박종호 해시드 리서치 애널리스트 공동기고11월 말, 방갈로르에서 10일 여간 열린 인도 블록체인 위크(India Blockchain Week)에 해시드(대표 김서준)와 해시드의 인도 투자조직 해시드 이머전트 멤버들이 함께 인도 암호화폐 시장의 열기를 몸소 느끼고 왔습니다. 이번 블록체인 위크의 하이라이트는 2천 명 이상의 개발자들이 참여한 블록체인 해커톤 이더인디아(ETHIndia)였습니다.



사진=DevfolioETHIndia에서는 암호화폐 지갑 프로젝트, 탈중앙화 결제 시스템, 영지식(Zero-Knowledge) 기반 솔루션, NFT 인프라 프로젝트, 소셜 애플리케이션 등 다양한 분야의 400여개가 넘는 프로젝트를 만나볼 수 있었습니다. 두 편의 기고문을 통해서 ETHIndia에서 확인할 수 있었던 블록체인 해커톤 트렌드의 현주소를 짚어보자 합니다  지갑 트렌드계정 추상화(Account Abstraction), 지갑의 게임 체인저가 되다이번 ETHIndia에서도 최근 암호화폐 지갑에 대한 커지고 있는 관심을 확인할 수 있었는데, 특히 많은 팀이 이더리움 커뮤니티에서 큰 관심을 얻고 있는 계정 추상화 기능을 활용한 프로덕트를 선보였습니다. 계정 추상화는 이더리움 상의 두 가지 계정 타입인 EOA(Externally Owned Accounts)와 CA(Contract Accounts) 계정을 통합하는 기능입니다. 이를 통해 EOA를 스마트 컨트랙트처럼 코드로 실행할 수 있게 됩니다.계정 추상화를 통해 다중 서명(Multi-sig) 및 소셜 복구(Social recovery) 등의 기능이 필요에 따라 추가될 수 있고, 배칭 거래(Batch Transaction)를 통해 한 번의 거래에서 복수의 트랜잭션을 처리하는 것도 가능해집니다. 하지만 이더리움 메인넷에는 적용이 되지 못했고 추후 StarkNet, zkSync와 같은 이더리움 롤업 솔루션에 선제적으로 적용될 예정입니다. 또한 유저들을 EOA 기반 지갑에서 계정 추상화 기반 지갑으로 이전하는 것이 까다로울 수 있다는 의견도 짚어볼만 합니다.그렇다면 이번 ETHIndia에 출품된 관련 프로젝트들을 차례로 살펴보겠습니다. 먼저 Banana Smart Wallet은 계정 추상화를 활용하여 핫 월렛에 2단계 인증(2FA) 기능을 추가하였고, Firewallet은 동일한 지갑에 스마트 컨트랙트로 구별된 기능을 가진 여러 계정을 만드는 서비스를 선보였습니다. Panda Wallet은 계정 추상화를 통해 지갑 복구 UX를 선보였고, Web3One Wallet는 크로스체인 다중 서명 지갑을 구현하였습니다. 또한 계정 추상화 기능이 추가된 지갑을 위한 블록체인 탐색기 Jiffy-scan과 계정 추상화 호환 프로그램을 실행하기 위한 툴 AASnap도 만나볼 수 있었습니다.암호화폐 지갑 2.0: 스마트 컨트랙트 지갑과 MPC 지갑의 대중화이번 해커톤에서 계정 추상화를 제외한 분야의 지갑 프로젝트들도 많이 발견할 수 있었습니다. 최근 수탁형 지갑은 다양한 이슈로 도마에 오르며 끊임없는 도전을 받고 있습니다. 이에 따라 많은 개인과 기관들은 자산을 안전하게 보관하기 위해 비수탁형 지갑으로 눈을 돌리고 있습니다. 스마트 컨트랙트 지갑과 MPC(Multipart-Party Computation) 지갑이 바로 이 범주에 속합니다.먼저 스마트 컨트랙트 지갑에는 프로그래밍을 통해 지갑에 지출 한도 및 트랜잭션 자동화와 같은 다양한 기능을 삽입할 수 있습니다. 일례로 스마트 컨트랙트 지갑에 속하는 다중 서명 지갑은 여러 명의 서명자가 거래를 실행하도록 의무화하여 보안을 한층 강화하고 부정 거래를 막습니다. 하지만 스마트 컨트랙트 지갑은 초기 비용이 발생하며, 가스비를 지불하기 위해 여전히 별도의 EOA 지갑을 요하기 때문에 아직은 사용성이 떨어진다는 한계점이 있습니다.반면, MPC 지갑은 '쉐어'로 알려진 개인 키를 여러 개로 나누는 방식을 가집니다. 나눠진 쉐어는 당사자들에 분배되는데, 트랜잭션이 서명되려면 특정 수 이상의 쉐어를 요하는 방식으로 높은 수준의 보안을 제공합니다. 하지만 MPC 지갑은 일부 과정이 오프체인에서 이루어져 중앙화의 문제점을 야기할 수 있고, 기존 지갑들과의 호환성 문제도 있습니다. 그럼에도 불구하고 계정 추상화가 이더리움에 적용되기 전까지 MPC 지갑은 좋은 단기 대응책이 될 수 있습니다.그렇다면 MPC와 유사한 기술을 활용한 ETHIndia 수상팀 사례를 차례로 살펴볼까요? TrueResQ는 MPC를 사용하여 쉐어를 Google 로그인, 탈중앙 네트워크 및 유저의 디바이스에 분산 보관 시킵니다. Superior Social Wallet은 지갑의 쉐어를 분산 저장할 수 있도록 만들어주는 또다른 기술인 SSS(Shamir's Secret Sharing)를 활용한 프로덕트를 개발했습니다.업계 선두 메타마스크도 움직이기 시작했다치열한 지갑 전쟁 속에서 업계 선두주자 메타마스크(MetaMask)도 연초 메타마스크의 포크 버전인 플라스크(MetaMask Flask)를 소개한 바 있습니다. ETHIndia에서 해당 포크를 활용하는 팀들이 꽤 있었는데요, 많은 팀들이 사용하였던 기능 스냅(MetaMask Snap)은 플라스크의 공개와 함께 출시된 기능으로, 누구나 메타마스크의 기본 지갑에 커스터마이징을 할 수 있게 도와줍니다.SSS: Secure Semantic Snap과 Metaguard는 트랜잭션을 유저가 이해 가능한 레벨로 풀어내 악의적인 트랜잭션을 방지하는 한편 Push Snap은 브라우저 익스텐션을 통해 기존 메타마스크에 푸시 알림 기능을 구현했습니다. SnapLoad는 스냅을 통해 IPFS에 파일을 업로드할 수 있게끔 도와주고, Cosmotic는 메타마스크를 통해 코스모스 애플리케이션에 액세스할 수 있게 도와줍니다  인프라 트렌드India Stack에서 찾을 수 있었던 인도의 지역적 특색인도는 아이덴티티, 데이터 및 결제의 기본 요소들을 민간에 개방하는 것을 목표로 하는 개방형 API 및 디지털 공공재 India Stack을 가지고 있습니다. India Stack은 총 세 개의 레이어로 이루어져 있는데, 페이먼트 레이어는 핵심인 통합 결제 인터페이스(UPI: Unified Payments Interface)를 통해 인도에서 다양한 서비스를 이용할 때 신속하고 상호운용 가능한 결제 환경을 제공합니다. 이번 해커톤에서는 이러한 UPI를 십분 활용한 프로젝트가 많았는데요, ChainPe가 UPI ID에 가상화폐를 지불할 수 있는 제품을 만드는가 하면 암호화폐 결제를 위해 UPI의 장점을 차용하는 UPCI와 DPI와 같은 프로젝트도 있었습니다.아이덴티티 레이어(Identity Layer)는 India Stack의 또 다른 중요한 요소입니다. 인도 정부 당국은 인도 시민들과 인도에서 일정 시간을 보낸 거주 외국인들에게 고유한 12자리 식별 번호인 AADHAAR를 발급하는데, 이번 해커톤에서는 AADHAAR 카드를 통해 신원 검증을 가능하게 만든 ZK KYC라는 프로젝트를 만나볼 수 있었습니다.다만 모든 결제 관련 프로젝트가 India Stack에 국한된 것은 아니었습니다. 이외에도 주목할 만한 다른 해결책들이 있었는데요, 반복 결제 서비스 Autopay와 Polygon ID를 이용해 전화번호로 결제할 수 있게 하는 DePay, 그리고 탈중앙 소셜 그래프 렌즈 프로토콜 생태계의 결제 서비스 LensPay도 찾아볼 수 있었습니다.가장 많은 파이널리스트를 배출한 보안 관련 서비스블록체인이 가치와 데이터의 주권을 사용자에게 돌려주기 위한 기술인 만큼 보안은 핵심적으로 고려해야 하는 가치입니다. 하지만 우리는 오늘날에도 여전히 다양한 사례에 걸쳐 보안의 결함을 수차례 목격하고 있고, 절대 무너질 것 같지 않은 부분마저 최근 사건사고가 이어지며 아직은 어떠한 부분도 절대로 완전무결을 속단할 수 없다는 점을 보여주었습니다.ETHIndia에서도 현재 사안의 심각성을 반영하는 인프라단의 해결책이 유독 많이 나왔습니다.거래소별 자산 및 부채를 증명할 수 있는 프로덕트 Proof of Trust, 유저들이 해킹된 지갑으로부터 자금을 최대한 빠르게 회수하도록 돕는 Web3Rescue, 실시간으로 VS코드를 모니터링하는 ETHGuard, 사용자가 암호화폐 자산을 안전하게 보호할 수 있도록 도와주는 SafeGuard에 이르기까지 수많은 보안 관련 프로젝트들이 파이널리스트(가장 우수한 12개 프로젝트를 제출한 팀)에 올랐습니다. 수상작 트렌드를 통해 사용자들이 안심하고 생태계에서 활동을 하기 위해서는 안전한 기반 시설이 필요하다는 것을 다시금 보여주었습니다.&lt;블록체인·가상자산(코인) 투자 정보 플랫폼(앱) '블루밍비트'에서 더 많은 소식을 받아보실 수 있습니다&gt;
",2023-01-04 14:32:01
가상화폐 강세장 속 비트코인 채굴 산업 부채 '5조 원' 넘어,2023.01.04,경향게임스,http://www.khgames.co.kr/,,
[최철용 박사의 코인 직썰] 올해 코인시장 & 유망코인 전망,2023.01.04,직썰,http://www.ziksir.com/ziksir,,
[데일리픽] 비트코인 14주년… AI가 검색을 대신할 수 있을까?,2023.01.04,디지털투데이,http://www.digitaltoday.co.kr/,,
"업비트 독점체제 깨지나...바이낸스 韓 진출 재점화에 투자자들 ""환영""",2023.01.04,녹색경제신문,http://www.greened.kr/,,
FTX 파산 후 사용자 자산 소유권 두고 갑론을박 [블록체인 Web 3.0 리포트],2023.01.04,한국경제,https://n.news.naver.com/mnews/article/015/0004795789?sid=105,"
""FTX 사용자 자산 소유권 판단, 현재로선 어려워""코인베이스·보이저, 파산 시 고객 자산도 '회사 소유'바이낸스 ""그 어떤 이유로도 고객 계정 내 자산 동결 가능""



사진=셔터스톡지난해 11월 10일 글로벌 최대 가상자산(암호화폐) 거래소 중 하나였던 FTX가 파산을 신청했습니다. FTX 붕괴 사태 피해자는 어림잡아 100만 명 이상, 상위 50위권 채권자의 피해 규모만 31억 달러에 이릅니다.FTX 사태의 여파로 제네시스 트레이딩 등 업계 대표 주자들이 서비스 제공을 중단했고, 심지어 대출 플랫폼 블록파이는 파산을 신청하기도 했습니다. 앞으로 더 많은 업계 플레이어들이 충격을 이겨내지 못하고 쓰러질 수도 있는 상황이죠.오늘은 시장에 이렇게 큰 파장을 일으킨 'FTX 붕괴 사태'와 '소유권 분쟁'에 대한 이야기를 해보려 합니다. 'FTX 사용자 자금의 소유권은 누구에게 있는지', '파산 절차 이후 제대로 된 보상을 받을 수 있을지' 등 현 사태와 추후 전망에 대해 자세히 알아보겠습니다.FTX 거래소 내 가상자산, 누구의 소유인가?FTX 사태는 가상자산 전문 미디어 코인데스크의 기사로부터 시작됐습니다. 지난해 11월 2일(현지시간) 코인데스크가 FTX 자회사 중 하나인 알라메다 리서치의 대차 대조표를 공개하면서 부실 논란이 일어나기 시작했죠.기사가 나간 이후 창펑 자오(Changpeng Zhao, CZ) 바이낸스 최고경영자(CEO)는 ""부실 리스크 관리 차원으로 5억 달러 상당의 FTX 토큰(FTT)을 판매하겠다""라고 발표했고, 부실 논란은 계속 커졌습니다. 이에 캐롤라인 엘리슨(Caroline Elison) 알라메다 리서치 CEO가 FTT 장외 거래 딜을 제안했지만, CZ가 이를 거절하고 시장에 매도할 것이라고 밝히면서 토큰 가격은 급락하고, 뱅크런 사태에 대한 리스크는 계속 증가했습니다.사태를 방관할 수 없었던 FTX는 같은달 8일 고객 자금 인출 중단을 발표했습니다. 더 이상 거래소 내 자금 유출을 보고만 있을 수 없었던 것이죠. 이후 바이낸스가 FTX 구제를 위해 투자 의향서에 서명, 실사 작업을 진행했지만, 실사를 시작한 지 하루 만에 인수 포기를 발표하면서 FTX는 헤어날 수 없는 나락에 빠지고 말았습니다.결국 사태 발발 이후 8일 만에 FTX는 챕터11 파산(Chapter 11 Bankruptcy)을 신청했습니다. 파산 보호 신청 이후 샘 뱅크먼 프라이드(Sam Bankman-Fried, SBF) CEO가 사임했고, 사태를 정리하기 위한 구원투수 존 레이 3세가 신임 CEO로 부임해 현재 파산 절차를 진행중에 있는 상황이죠.이 파산 절차에서 투자자들이 가장 집중해서 보고 있는 부분은 '거래소 내 자산'의 소유권입니다. 이달 17일 FTX 신임 대표 존 레이가 공개한 '파산 회생 절차 문건'에 따르면 FTX 그룹의 모든 자회사는 SBF의 관리 하에 있었으며, 사용자 자산에 대한 보관·기록도 제대로 하지 않았습니다. 심지어 사용자 자금을 다른 곳에 유용한 것까지 확인됐죠.전통 금융 시장에서는 '예금자 보호 제도'가 마련돼 있습니다. 미국 은행 예금의 경우 연방예금보험공사(FDIC)에 의해 25만 달러까지 보호받을 수 있으며, 국내 시장에서도 예금자보호법에 따라 예금보험공사에 의해 동일 금융 기관 내 예금자 1인당 5000만 원까지 보호받을 수 있습니다.하지만 가상자산의 경우 전통 금융 시장의 예금자 보호 제도와 같은 법적 장치는 없습니다. 그래도 다행인 부분은 FTX가 사용자 이용 약관에서 'FTX에 있는 자산은 사용자들의 자산'이라고 명시했다는 점입니다.



FTX 서비스 약관 / 사진=프레스토랩스 리포트그렇다고 FTX에 자산을 보유한 투자자들이 안심할 수 있는 것은 아닙니다. 퀀트 트레이딩 기업 프레스토랩스는 'FTX 파산보호 신청, 그 이후' 보고서를 통해 ""FTX가 사용자 약관을 통해 자산이 사용자들의 것이라고 명시하긴 했지만 현재 보유한 자산이 얼마나 있는지, 재판부가 약관에 명시된 대로 자산을 사용자들의 것이라 판결할 것인지 등 불확실성이 다수 존재한다. 셀시우스 네트워크 사례와 같이 유저들이 스테이킹 등 서비스를 이용하고 있었다면 그에 따라 소유권이 다르게 판단될 가능성도 있다""라고 해석했습니다.법적 보호 장치가 명확하게 마련돼 있는 것이 아니니, 상황에 따라 판결이 변할 수 있다고 본 겁니다. 거래소 사용자들은 거래소에서 운용하던 자산이 온전히 자신의 것이라고 판단해 왔겠지만, 법률적으로는 그렇지 않을 수도 있다는 거죠.코인베이스·바이낸스 등 다른 가상자산 플랫폼들은?'거래소 내 자산은 사용자의 소유'라고 사용자 약관에 명시해 놓은 FTX의 경우 사용자들이 가상자산 소유권을 주장할 수라도 있지만, '파산 시 보유 자산을 회사의 자산으로 고려한다'라고 명시한 플랫폼들도 있습니다.FTX 붕괴 사태가 벌어지기 전, FTX US가 인수하고자 했었던 가상자산 대출 플랫폼 보이저 디지털(Voyager Digital)의 경우 약관에 '보이저 디지털에 있는 자산은 고객이 아닌 보이저 디지털의 소유로 간주한다'라는 문구가 명시돼 있습니다. 파산 등의 상황이 벌어졌을 때 고객에게 자산을 반환할 필요가 없는 것이죠.



보이저 디지털 사용자 약관 / 사진=프레스토랩스 보고서지난 2020년 미국 나스닥에 입성한 글로벌 거래소 코인베이스(Coinbase)의 사용자 약관도 보이저 디지털과 유사한 조항을 갖고 있습니다.코인베이스는 10-Q 조항을 통해 '코인베이스가 파산 시 커스터디(Custody)에 있는 자산도 회사의 자산으로 고려될 수 있다'라고 명시했습니다. 코인베이스에서 FTX와 같은 최악의 상황이 벌어진다면, 코인베이스 사용자들의 자금은 보호받을 수 없는 겁니다.



코인베이스 10-Q / 사진=프레스토랩스 보고서세계 최대 가상자산 거래소 바이낸스는 파산과 관련된 규정을 명시하진 않았지만, '그 어떤 이유(Any reason)로도 고객 계정 내 가상자산을 동결할 수 있다'라는 조항을 보유하고 있습니다. 만약 바이낸스에서 파산 사태가 발생한다면, 바이낸스 팀은 채권자들로부터 거래소 고객 소유 자산을 보호할 수 있는 명분을 갖고 있는 셈이죠.이번 FTX 붕괴 이후 '최악의 사태'가 발생했을 때, '사용자 자산을 보호할 약관 조항이 있는지'가 사용자의 거래소 선택에 중요한 요소로 작용할 것이라 예상되는 만큼, 다양한 거래 플랫폼들이 이에 대한 발 빠른 대처를 보일 것이라 예상됩니다. 한편 이러한 논란에서 비교적 자유로운 국내 주요 가상자산 거래소들에게는 이러한 논란이 성장의 기회가 될 수도 있을 것으로 보입니다. 수 년 전부터 은행가상계좌 시스템이 뿌리내려져 고객 자금과 거래소 자금이 철저히 분리돼 있고, 매년 가상자산 보유량에 대한 실사를 받아 FTX와 같은 사태가 발생할 가능성이 현저히 적기 때문이죠.당장은 FTX 파산 사태가 수많은 피해자를 양산하고 전세계 가상자산 시장에 심각한 영향을 미치고 있지만, 장기적인 관점에서는 업계가 더욱 투명해지고 발전하게 되는 계기가 되기를 희망합니다.&lt;[블록체인 Web 3.0 리포트]는 블록체인·가상자산(코인) 투자 정보 플랫폼(앱) '블루밍비트' 리서치란에서 주기적으로 받아보실 수 있습니다.&gt;# 인터넷은 90년대 대중 보급 이후 30여 년간 쉬지 않고 진화했습니다. 제한적 정보에 일방적 접근만이 가능했던 웹 1.0(Web 1.0), 대중이 직접 정보를 제작하고 공유하는 플랫폼 중심 웹 2.0(Web 2.0) 시대를 지나 현재 우리는 블록체인 기술 기반 탈중앙화 프로토콜을 활용해 대중 모두가 운영 주체로 거듭날 수 있게 된 웹 3.0(Web 3.0) 시대를 살아가고 있습니다.'블록체인 Web 3.0 리포트'는 블록체인 시장과 웹 3.0 전환에 대한 정확하고 심도 있는 정보를 독자분들께 전달하고자 합니다.
",2023-01-04 15:51:01
"코스피, 1.6%대 상승 마감…삼성전자·SK하이닉스 강세",2023.01.04,연합인포맥스,http://www.einfomax.com,,
"가상자산 '마켓메이킹'에 대한 오해와 진실…""합리적 규제 필요"" [블록체인 W...",2023.01.04,한국경제,https://n.news.naver.com/mnews/article/015/0004795813?sid=105,"
투자자 보호 위해 가상자산 마켓메이킹은 '필수'업권법 필요…""제도권 편입으로 건전한 경쟁 유도해야""""마켓메이킹으로 안심하고 거래할 수 있는 환경 조성 가능""



사진=셔터스톡지난해 11월 벌어진 FTX 붕괴 사태 이후 중앙 집중식 가상자산(암호화폐) 거래소(CEX)의 '투명성'에 대한 요구가 빗발치면서, 거래소 비즈니스의 어두운 면 중 하나였던 마켓메이킹(Market Making)과 관련 규제 구축에 대한 관심도 높아지고 있습니다.'마켓메이킹(MM)'이란 특정 시점에서 거래 희망자가 특정 상품의 거래를 원활하게 할 수 있도록 거래 상대가 되어주어 유동성을 제공해주는 행위입니다. 투자자들이 수급 불균형으로 인한 변동성에 투자자들이 피해를 입지 않도록 지원하는 시스템이죠.증권 시장의 경우 상장 이후 발생하는 극심한 변동성이나 유동성 부족으로 인한 거래 부진을 해소하기 위해 유동성 공급자(LP)와 마켓메이킹(MM) 시스템을 적극 활용하고 있습니다. 자연적으로 매수자와 매도자가 매칭되기 힘든 종목에서도 투자자들이 적절한 가격에 주식을 사고 팔 수 있도록 돕는 겁니다.제도적으로도 아주 세세하게 규정하고 있습니다. 국내에서는 자본시장법 상 증권 투자매매업 및 장외파생상품 인가를 받은 증권회사만 유동성 공급자가 될 수 있으며, 국내 증권·파생 상품 통합 거래소인 '한국거래소'가 감시자 역할을 합니다.하지만 가상자산 시장 내 마켓메이킹(MM)에 대한 시선은 조금 다른 상황입니다. 증권 시장처럼 법적 제어 시스템을 갖추지 못했기에 가상자산 마켓메이킹은 '시세 조작'과 '펌프 앤 덤프(Pump&amp;Dump)'에 악용되는 불법 수익 도구라는 오명을 갖게 됐죠.한종목 미래에셋증권 가상자산 담당 연구원은 ""마켓메이킹의 어감 자체가 가상자산 시장에서는 조금 변질된 것 같지만, 유가증권 시장에서와 마찬가지로 존재 의의는 분명히 있다고 본다. 특히 소형 코인들의 경우 스프레드 호가가 너무 벌어져 있는 경우가 많은데, 이런 경우 거래 유동성이 떨어지는 종목들은 외면받을 수밖에 없다""라고 말했습니다.시장 유동성이 떨어지는 소형 알트코인들의 경우 거래 유동성과 마켓 뎁스(Market Depth)가 떨어지기 때문에 개인 투자자의 입장에서 해당 코인의 매수·매도를 희망하더라도 거래 비용이 너무 커서 접근이 힘들 수 밖에 없습니다.가상자산 마켓메이킹은 필수…업권법 규제 필요해이처럼 가상자산 시장 내 마켓메이킹은 필수적 요소로 자리매김했습니다. 하지만 일부 프로젝트와 거래소들이 마켓메이킹을 악용한 자전거래(Wash Trading)를 진행하는 사례가 적발되기도 하면서 불신과 오해가 쌓이게 됐죠.실제 국내 최대 가상자산 거래소 업비트의 운영사 두나무의 송치형 의장은 지난 2017년 말까지 자전거래를 통해 약 1492억원 상당의 이익을 챙겼다는 혐의로 재판을 받기도 했습니다. 2020년 1심, 2022년 12월 7일 2심에서도 무죄를 받긴 했지만 마켓메이킹 악용에 대한 사례로 대중들에게 인식되기엔 충분했습니다.



두나무 송치형 의장 / 사진=UDC 캡쳐업비트 자전거래 사태 이후 거래소에 대한 규제가 강화되면서 거래소의 직접적 마켓메이킹 행위가 많이 줄어들긴 했습니다. 그러나 마켓메이킹 행위가 줄어들면서 역설적으로 대형거래소에서 거래가 활발한 소수 코인을 제외한 대다수 종목들의 유동성 공급이 막히며 투자자들이 감당해야 하는 거래비용이 커졌습니다. 이에 가상자산 시장 내에서는 거래소가 주도하는 마켓메이킹이 아니더라도 투자자 보호를 위해 적법한 마켓메이킹이 가능하게 해야 한다는 목소리가 계속 높아지고 있습니다.한종목 연구원은 ""거래소는 거래쌍방의 주문서와 그 흐름을 훤히 들여다보고 있기 때문에 일반 투자자들과는 다른 정보의 비대칭성을 분명히 가지고 있다. 마치 '맵핵'을 켜고 스타크래프트를 하는 것과 마찬가지""라면서 ""가상자산 시장의 법적 근거가 명확하지 않으면 절대 주류로 편입될 수 없다. 마켓메이커 관련 규제나 법적 정비 및 적용 확장이 필요하다""라고 강조했습니다.조원희 법무법인 디라이트 변호사도 ""거래소는 다른 시장 참여자와는 다른 지위에 있다. 특히 정보의 보유 관점에서 일반 이용자와 완전히 다르다""라며 ""가상자산 시장이 제도권으로 편입되고 있는 상황이라는 점, 마켓메이킹이 유동성 공급이라는 긍정적 기능보다 시가조작 등 부정적 측면이 부각되고 있다는 점 등을 고려해 본다면, 거래소의 마켓메이킹 행위는 법적으로 규제돼야 한다고 본다""라고 말했습니다.도입 예정인 업권법을 통해 가상자산 거래소의 직접적 마켓메이킹 관련 사항을 규제함으로써 더욱 건전한 투자 시장을 구축해야 한다는 것입니다.이처럼 다수 관계자들은 가상자산 시장 내 마켓메이킹을 법적으로 규제해야 한다는 것에 대해 동의하고 있습니다. 하지만 정치권에서는 최악으로 치닫고 있는 시장, 업계에 대한 대중의 부정적 인식 등 다양한 변수가 존재하기에 적극적으로 규제 구축을 논의하기 어려운 상황입니다.한 정치권 관계자는 ""중국 등 글로벌 시장에서 활동하고 있는 업자들이 과도하게 마켓메이킹을 진행해 부당 이익을 취한 사례가 있기에 관련된 사항을 다루기 조심스러운 것은 사실이다. 이런 사례들이 발생하지 않도록 예방 차원에서 규제를 구축해야 하는 점은 분명하나, 아직까지 정부의 업권법 도입 방향을 정확히 파악하기 어렵기도 하고 시장 상황, 업계에 대한 인식 등 다양한 이유들로 인해 정치권에서도 적극적인 의견 피력을 꺼리는 것으로 보인다""라고 밝혔습니다.제도권 편입으로 건전한 경쟁 유도…""더 나은 거래 환경 만들 것""



사진=셔터스톡전문가들은 이렇게 어려운 상황을 이겨내고 가상자산 시장 내 마켓메이킹이 법적으로 규제된다면, 규제를 기반으로 마켓메이커들이 건전한 경쟁을 펼치고 이를 통해 시장이 더욱 활성화될 것이라 예상하고 있습니다.한종목 연구원은 ""가상자산 시장과 주식 시장의 마켓메이킹은 현실적으로 많이 다르다. 증권시장에서는 각 증권사들이 마켓메이커로서 호가 경쟁을 하고 한국 거래소가 감시자의 역할을 하는 방식으로 제도가 운영된다. 증권시장처럼 한국거래소가 독점하는 '통합 코인 시장'이 출현하는 게 아니라면, 가상자산 마켓메이커들이 경쟁을 할 수 있도록 장려하고 규제를 통해 감시하는 것이 현실적인 대안이 될 것""이라고 예상했습니다.주식시장과 가상자산이 구조적으로 다르기 때문에 시장 내 마켓메이킹을 주식 시장과 같은 방식으로 제어하긴 어렵지만, 유동성 공급 경쟁의 관점에서 현실적 규제를 구축해 코인별 호가 경쟁을 유도한다는 겁니다.업권법을 통해 규제를 구축한 이후에도 불공정 경쟁과 시세 조종 행위, 코인발행 회사와 마켓메이커 간 금전적 거래에 대한 감시를 소홀히 해서는 안된다는 점도 분명히 했습니다.한 연구원은 ""규제가 구축된다 하더라도 거래소 내 자전거래를 통한 불공정 경쟁, 시세조종 행위 등은 자본시장조사단의 철저한 규제와 감시가 이뤄져야 하며, 거래소가 마켓메이킹을 직접 진행할 경우 상장 종목의 이상 징후에 대한 책임을 확실하게 규정해야 한다. 물론 코인 발행기업과 거래소 간 금전적 거래에 대한 감시와 적발도 필요하다""라고 강조했습니다.마켓메이킹이 제도권 내로 들어와 건전한 거래 환경을 조성하면, 거래량이 많은 글로벌 거래소들에서도 아직까지 종종 발생하는 '플래시 크래시(Flash Crash, 주문 오류나 매물 호가 붕괴 등으로 인해 발생하는 시세 급등락 사태)' 등 사고들이 줄어들면서, 자연스레 투자자들이 지금보다 더 안심하고 거래할 수 있는 환경도 구축될 수 있을겁니다.&lt;[블록체인 Web 3.0 리포트]는 블록체인·가상자산(코인) 투자 정보 플랫폼(앱) '블루밍비트' 리서치란에서 주기적으로 받아보실 수 있습니다.&gt;# 인터넷은 90년대 대중 보급 이후 30여 년간 쉬지 않고 진화했습니다. 제한적 정보에 일방적 접근만이 가능했던 웹 1.0(Web 1.0), 대중이 직접 정보를 제작하고 공유하는 플랫폼 중심 웹 2.0(Web 2.0) 시대를 지나 현재 우리는 블록체인 기술 기반 탈중앙화 프로토콜을 활용해 대중 모두가 운영 주체로 거듭날 수 있게 된 웹 3.0(Web 3.0) 시대를 살아가고 있습니다.'블록체인 Web 3.0 리포트'는 블록체인 시장과 웹 3.0 전환에 대한 정확하고 심도 있는 정보를 독자분들께 전달하고자 합니다.
",2023-01-04 16:25:02
"바이낸스, 한국시장 진입 가시권…고팍스와 지분인수 협상",2023.01.04,A4면 3단,https://n.news.naver.com/mnews/article/018/0005400214?sid=105,"
고팍스, 바이낸스와 투자유치 논의 중으로 알려져지급불능 빠진 '고파이' 문제 해결 시급다음달 중순까지 투자유치 계약 마무리할 전망현행법상 바이낸스가 고팍스 최대주주되는 것 가능자금세탁방지 규제로 양사간 시너지는 제한적일 듯[이데일리 임유경 기자] 글로벌 최대 가상자산 거래소 바이낸스의 한국 시장 진입이 가시권에 들어왔다. 국내 5대 가상자산 거래소 중 한 곳인 고팍스의 지분을 인수할 것으로 관측된다. 현행법상 가상자산 거래소 주주 자격에 제한이 없어, 바이낸스가 고팍스의 최대주주가 되는 것도 불가능하진 않다. 다만, 국내 자금세탁방지 규제가 강해 바이낸스와 고팍스가 오더북(거래장부)을 공유하는 등의 시너지를 내긴 어렵다는 분석이 많다.4일 이데일리 취재를 종합하면 고팍스는 투자유치를 위해 바이낸스를 포함해 복수의 해외 업체와 각각 협상을 진행해 왔고, 다음 달 중순까지는 계약을 마무리할 계획이다.고팍스도 지난달 31일 홈페이지를 통해 투자유치가 마무리 단계에 있다고 알렸다. “글로벌 최대 블록체인 인프라업체와 실사를 마쳤고, 양사 간의 협의도 대부분 이뤄졌다”고 설명했다. 업계에선 고팍스가 자금력이 가장 좋은 바이낸스에 지분을 넘길 것으로 예상하고 있다.



자오창펑 바이낸스 CEO(사진=바이낸스)고팍스는 현재 자금조달이 시급한 상황이다. 가장 급한 문제는 가상자산 예치 상품 ‘고파이’ 고객에 원금과 이자를 지급하지 못하고 있는 것이다. 회사는 글로벌 가상자산 대출 서비스 ‘제네시스 글로벌 캐피털’의 상품을 중개하는 방식으로 고파이를 운영해왔는데, 제네시스가 유동성 부족으로 고객 인출을 중단하면서 고파이 고객도 인출이 막혀있다. 고팍스는 이번 투자유치를 통해 고파이 고객에게 자금을 돌려줄 계획이다.바이낸스는 가상자산 거래가 활발한 한국시장 진출을 계속 희망해 왔다. 2019년 5월 한국지사인 바이낸스KR을 설립하고 운영해 오다가 이듬해 말 규제 준수 문제로 철수한 바 있다. 최근엔 규제가 까다로운 국가에선 직접 진출보다 현지 업체를 인수하는 방식으로 우회 진출하는 전략을 취하고 있다. 지난해 11월엔 일본 ‘사쿠라익스체인지비트코인(SEBC)’ 지분을 100% 인수하기도 했다. SEBC는 일본 금융청의 가상자산 거래소 라이선스를 획득한 업체다.업계에서는 양사의 이해관계가 맞아 떨어지는 만큼 투자계약 성사 가능성을 높게 점치고 있다. 일각에서는 이준행 대표의 지분 41%를 전부 바이낸스에 매각할 것이란 추측도 나온다.현행법상 바이낸스가 고팍스의 최대주주가 되는 것도 불가능한 일은 아니다. 가상자산사업자 신고 의무를 규정하고 있는 특정금융정보법(특금법)에는 가상자산사업자 대주주 요건에 제한을 두고 있지 않다.다만, 바이낸스가 고팍스를 인수하더라도 양사 시너지는 제한적일 것으로 보인다. 현재 고팍스는 이용자가 적어 매수·매도 주문 체결이 잘되지 않는 상황이다. 고팍스 거래를 활성화 하려면  바이낸스와 오더북 공유가 필수적이다. 양사가 오더북을 공유할 수 있으면 고팍스 회원이 내놓은 코인을 바이낸스 회원이 사는 게 가능하다.하지만, 특금법상 바이낸스와 고팍스의 오더북 공유는 불가능하다는 게 전문가들 진단이다. 자금세탁방지 전문가인 정지열 프로비트 이사는 “특금법 감독규정에 따라 국내 또는 해외에서 인허가를 받은 가상자산사업자이며 서로 간의 고객에 대한 정보를 확인할 수 있어야만 제한적으로 오더북 공유가 가능하다”며 “바이낸스 본사는 어느 국가에서도 인허가를 받지 않아 고팍스와 오더북 공유가 불가능할 것으로 보인다”고 설명했다.
",2023-01-04 16:35:03
2023년 주목해야 할 가상자산 시장의 변화는?,2023.01.04,바이라인네트워크,https://byline.network,,
"반 에크 ""비트코인, 3분기 내 3만 달러 까지 상승할 것""",2023.01.04,토큰포스트,https://www.tokenpost.kr,,
"비트메인 연구소장 ""비트코인, 양자 컴퓨터 대응 가능""",2023.01.04,토큰포스트,https://www.tokenpost.kr,,
"샌티멘트, 비트코인·이더리움 트랜잭션 비율 높아",2023.01.04,토큰포스트,https://www.tokenpost.kr,,
"그레이스케일 자산 청산시, 9개 알트코인 직접 영향 받는다",2023.01.04,토큰포스트,https://www.tokenpost.kr,,
"[토큰포스트 마감 브리핑] 해시레이트인덱스 ""연내 BTC 약세장 끝난다"" 外",2023.01.04,토큰포스트,https://www.tokenpost.kr,,
[마감 시세브리핑] 비트코인 1만6860달러선 보합...이더리움 2% ↑,2023.01.04,토큰포스트,https://www.tokenpost.kr,,
"美 투자은행 번스타인 ""암호화폐 장기적으로 광범위 활용""",2023.01.04,토큰포스트,https://www.tokenpost.kr,,
"비트코인 2100만 원대 유지, 파산한 거래소 FTX 창업자 사기 혐의 부정",2023.01.04,비즈니스포스트,http://www.businesspost.co.kr/,,
"비트코인, 횡보세 언제까지?...전망은 엇갈려 [코인브리핑]",2023.01.04,파이낸셜뉴스언론사 선정,https://n.news.naver.com/mnews/article/014/0004951397?sid=101,"




비트코인. /사진=뉴시스 [파이낸셜뉴스] 비트코인이 지루한 횡보세를 지속하는 가운데 전망이 엇갈리고 있다.   4일 글로벌 가상자산 시황 중계 사이트 코인마켓캡에 따르면 이날 오후 4시 24분 기준 비트코인 가격은 24시간 전보다 0.80% 오른 1만6861.01달러에 거래됐다.   같은 시간 국내 가상자산 거래소 업비트에서 비트코인은 전날보다 1.02% 상승한 2156만9000원에 거래됐다.   알트코인(얼터너티브 코인·비트코인을 제외한 나머지 대체 가상자산) 대장 이더리움도 보합세다.   코인마켓캡에서 이더리움은 24시간 전보다 2.68% 오른 1249.15달러에 거래됐다.   업비트에서 이더리움은 전일 대비 2.93% 상승한 160만원에 거래됐다.   동조화 현상을 보이는 뉴욕 증시가 하락함에도 크게 영향을 받지 않는 모습이다. 3일(현지시간) 뉴욕증권거래소에서 다우존스30산업평균지수는 전장보다 10.88p(0.03%) 하락한 3만3136.37로 거래를 마쳤다. 스탠더드앤드푸어스(S&amp;P)500지수는 전장보다 15.36p(0.40%) 떨어진 3824.14로, 나스닥지수는 79.50p(0.76%) 밀린 1만386.98로 장을 마감했다.   비트코인의 횡보세가 계속되는 가운데 비트코인에 대한 전망이 엇갈리고 있다.   3일(현지시간) 가상자산 전문매체 코인데스크에 따르면 자산 운용사 유통 플랫폼인 'DFT Partners' 회장인 빌랄 리틀은 ""비트코인 가격이 바닥에 도달하지 않았다고 생각한다""고 주장했다.   그는 이어 ""시장에 어느 정도 영향을 미칠 큰 사건이 더 발생할 것""이라며 ""1만2000~1만3000달러까지 떨어질 수 있다""고 내다봤다.   반면 글로벌 투자은행(IB) 번스타인은 낙관적인 전망을 내놨다. 코인데스크에 따르면 번스타인은 이날 보고서를 통해 ""역사적으로 가상자산 혹한기가 한 차례 지나간 이후에 비트코인 가격이 기하급수적으로 치솟았다""면서 ""가상자산 시장의 성장 잠재력은 여전히 충분하고 비트코인이 반등할 것""이라고 관측했다.   한편 투자심리는 다소 풀렸다. 글로벌 가상자산 데이터 조사 업체 얼터너티브에서 집계하는 '공포·탐욕 지수'는 29점을 기록하며 '공포(Fear)' 수준을 나타냈다. 전날(26·공포)보다 올라간 수치다. 해당 지수는 0으로 갈수록 시장 심리가 극단적 공포에 가까움을 나타내며 100에 가까울수록 극단적 낙관을 의미한다.
		",2023-01-04 17:24:04
연달은 '사기의혹' 재판에서 '무죄' 받은 가상자산 거래소 임직원들,2023.01.04,이뉴스투데이,http://www.enewstoday.co.kr/,,
비트코인 2000만원대에 갇혔는데 장기보유자는 4000~6000만원 사이에 샀다,2023.01.04,조선비즈언론사 선정,https://n.news.naver.com/mnews/article/366/0000867456?sid=101,"
			        비트코인 시세가 지난달부터 2000만원 초 반대에 갇힌 채 움직이고 있다. 비트코인을 장기보유한 투자자들의 평단(구매 가격의 평균)이 현재 시세의 두세 배에 육박하면서 차익 실현을 하기도 어려운 상황이다.



지난달 20일 서울 서초구 빗썸 고객지원센터 전광판에 비트코인 등 주요 가상자산 시세가 표시되고 있다./뉴스1        4일 가상자산 데이터업체 크립토퀀트에 따르면 최근 6~24개월간 비트코인을 장기 보유한 전 세계 투자자들의 평단은 3만4000~5만2000달러(4338만~6635만원)인 것으로 집계됐다. 지난해 비트코인 보유자 중 장기투자자 비중은 85%로 가상자산 시장에 신규 투자자가 더는 유입되지 않고 있다.지난 몇년 간 가상자산 시장 활황세가 이어지면서 비트코인 시세는 한때 8000만원 이상까지 치솟았으나 지난해 하반기부터 3000만원 아래로 떨어졌다. 기준금리 인상 영향과 함께 이틀 만에 가격이 99% 넘게 폭락한 테라·루나 사태, 세계 2위 규모의 가상자산거래소 FTX 파산 등이 비트코인 시세에 찬물을 끼얹었다.최근 비트코인 시세는 지난달부터 2110만~2174만원 사이에서 지루한 박스권 장세를 보이고 있다. 가상자산 분석 사이트 프라이스프리딕션 머신러닝(기계학습) 알고리즘 분석에 따르면 이달 말 비트코인 시세는 약 1만5532달러(1975만원)까지 추가 하락할 것으로 예측됐다.영국계 은행 스탠다드차타드는 지난달 발표한 보고서에서 올해 비트코인 가격이 현재 가격 대비 70% 하락한 5000달러(약 636만원)까지 낮아질 것으로 전망했다. 가상자산업계에선 올해 비트코인 가격 하락 폭이 감소하더라도 당분간 반등할 만한 호재가 딱히 없어 상승 전환은 어려울 것으로 보고 있다.



비트코인 가격이 2년 10개월만에 최고가인 1만5233달러를 기록했다.        가상자산에 대한 부정적 시선 또한 신규 투자자 유입을 억제하면서 가격 반등을 더 어렵게 만들고 있다.영국 시장조사업체 유고브가 2일(현지 시각) 미국 성인 남녀 1200명을 대상으로 한 설문조사에서 응답자 55%는 비트코인에 대해 ‘매우 또는 다소 안전하지 않다’고 생각했다. 18%만이 ‘안전하다’고 답했다.비트코인은 일명 다크웹이라 불리는 온라인 암시장 내 결제 수단으로 사용되는 것을 제외하고, 실물경제에서 화폐로서의 역할은 미미한 상황이다.국내 투자자들도 가상자산 시장에서 발길을 돌리고 있다. 빅데이터 전문업체 TDI가 지난해 국내 주요 거래소의 이용 변화 추이를 분석한 결과에 따르면 업비트·빗썸 앱 설치 수가 감소했다.국내 최대 가상자산 거래소인 업비트의 앱 설치 수는 지난해 1월 482만에서 지난해 11월 449만으로 줄었다. 같은 기간 빗썸 앱 설치 수도 212만에서 191만으로 감소했다. 설치 수 대비 월간활성사용자수(MAU)도 업비트 74%에서 58%, 빗썸은 41%에서 28%로 줄었다.한편 글로벌 가상자산 데이터 조사업체 얼터너티브에서 집계하는 ‘공포·탐욕 지수’는 이날 29점을 기록하며 ‘공포(Fear)’ 수준으로 나타났다. 해당 지수는 0으로 갈수록 시장 심리가 극단적 공포에 가까움을 나타내며 100에 가까울수록 극단적 낙관을 의미한다.
",2023-01-04 17:37:01
"코어사이언티픽, 셀시우스와 채굴기 가동 중단 합의",2023.01.04,코인데스크코리아,https://www.coindeskkorea.com/,,
"[코인시황] 비트코인 2150만원선 '등락'…바이낸스, '고팍스 인수설' 답변 거...",2023.01.04,뉴스웍스,http://www.newsworks.co.kr/,,
비트코인과 솔라나 상승 지속..FOMC 의사록에 관심 쏠려..테슬라와 애플 충격...,2023.01.04,매일안전신문,http://peoplesafe.kr,,
"""비트코인, 상승 확신""",2023.01.04,이코노믹리뷰,http://www.econovill.com/,,
도지코인 91원..공방전 치열,2023.01.04,이코노믹리뷰,http://www.econovill.com/,,
"비트코인, FTX 붕괴 여파 언제쯤 벗어나나...지난해 BTC 투자 펀드에 2억8700...",2023.01.04,코인리더스,http://coinreaders.com,,
"차분함 속 비트코인, 솔라나 반등.. FOMC 의사록 집중 필요..테슬라,애플 속락...",2023.01.04,매일안전신문,http://peoplesafe.kr,,
비트코인 어디로 가나...조금씩 나오는 호재론?,2023.01.04,이코노믹리뷰,http://www.econovill.com/,,
[코인시장은 지금] 비트코인 세상에 탄생한 지 14주년...영국은 크립토 허브 ...,2023.01.04,비즈트리뷴,http://www.biztribune.co.kr/,,
"자칭 '사토시' 크레이그 라이트 ""리플은 폰지 사기"" 재차 비난...XRP 1%대 상...",2023.01.04,코인리더스,http://coinreaders.com,,
"FOMC 시장 큰 영향 줄 것..점도표 5% 이상 기억해야..테슬라,애플 상승..비트...",2023.01.04,매일안전신문,http://peoplesafe.kr,,
"[속보] 푸틴 중대발표 ""러시아군 몰살 보복"" 총동원령 뉴욕증시 비트코인 ""핵...",2023.01.04,글로벌이코노믹,http://www.g-enews.com/,,
"시장의 관심은 의사록으로 집중..나스닥 선물 강세, 테슬라와 애플 상승..연준...",2023.01.04,매일안전신문,http://peoplesafe.kr,,
[4일 급등 코인] 에이피이앤에프티 20% 상승... 이더리움 클래식 등 14%↑,2023.01.04,매일안전신문,http://peoplesafe.kr,,
뉴욕증시 비트코인 테슬라 애플 FOMC 의사록 쇼크…달러환율 국채금리 국제유...,2023.01.05,글로벌이코노믹,http://www.g-enews.com/,,
"2023 마인드셋 키워드는? 외로움 바이러스, 빨리 감기, 하이퍼 인플레이션, 여...",2023.01.05,엘르,http://www.elle.co.kr/,,
"솔라나 12% 급등, 도지 테마 시바이누 라이벌 봉크(BONK) 58% 급등 여파",2023.01.05,글로벌이코노믹,http://www.g-enews.com/,,
미 증시 약보합권으로..테슬라 상승 후 조정세..비트코인과 이더리움은 안정적...,2023.01.05,매일안전신문,http://peoplesafe.kr,,
비트코인 등 암호화폐 강세…바닥 확인은 시기상조,2023.01.05,연합인포맥스,http://www.einfomax.com,,
[직설] 저희들도 ‘난장이’랍니다,2023.01.05,A25면 1단,https://n.news.naver.com/mnews/article/032/0003197235?sid=110,"
			근래 소설에서 읽은 가장 섬뜩한 장면. “원하는 때로 시간을 되돌릴 수 있다면, 당신은 언제로 돌아가고 싶어?” 집을 팔겠다는 집주인의 통보를 받고는 주변의 이사 소식에 민감해지는 40대 부부. 독서 교습으로 가르치던 학생이 옆동네로 이사 간다는 이야기에 곧장 “자가래?”라고 묻는 남편에게 알 수 없는 수치심을 느낀 아내는 짐짓 시간여행으로 화제를 돌린다. 그러나 “집주인이 우리한테 조금 더 대출받아 이 집 사라 했을 때. 아니, 비트코인이나 주식이 훨씬 나았으려나?”라는 대답에 아내의 수치심은 걷잡을 수 없이 번진다. 몇 해 전 먼저 세상을 떠난 아이가 살아있던 때가 아니라, 기껏 지금보다 경제적인 이익을 남길 수 있었던 때라고? 정말 진심일까봐 아내는 더 묻지 못한다. 김애란의 ‘좋은 이웃’(창작과비평, 2021년 겨울호)의 한 대목이다. 



인아영 문학평론가진보 성향의 잡지를 구독하고 가끔은 기부도 하는 선량한 시민이라는 자의식으로 살아왔던 부부는 불안정한 부동산 시장 앞에서 내면의 무언가가 조금씩 무너진다. 자신이 베풀고 있다고 여겼던 장애 학생이 더 좋은 아파트에 자가로 이사 간다는 소식에는 속이 뒤틀리고, 그래도 우리는 조금이라도 쥔 게 있는 세대라며 자위하다가도 자신보다 돈 많은 신입 앞에서는 무슨 조언을 하기도 멋쩍어지며, 공동체·이웃·연대라는 개념을 가르치다가도 “선생님은 다 믿어요? 이 책에 있는 말들”이라는 학생의 물음에 당황을 숨기지 못한다. 이것은 단지 집값에 목매는 중산층 중년 부부의 세대적·계급적 고민에 그치지 않는다. 우리 모두 속물이 되어버렸다는 반성과 자조가 아니라, 어디까지가 속물이고 아닌지를 알 수 없어졌다는 시대적 불안. 기본 욕구와 탐욕, 생존과 투기 사이에서 길을 잃은 시대에 선악의 경계는 일상에서 얼마나 쉽게 녹아 없어지는지. 늘 그렇듯 김애란 소설의 윤리적인 딜레마는 시대의 가장 예민한 속살을 건드린다.그런데 선악이라니, 유난스러운 말로 들린다면 이 감각 역시 시대적 정동일 수 있다. 1970년대 산업화의 첫 세대로서 수도권 정비사업, 무허가 주택단지 철거 명령, 신축 아파트 분양을 처음으로 목도했던 조세희 작가는 &lt;난장이를 쏘아올린 작은 공&gt;의 집필 계기에 대해 “악이 내놓고 선을 가장하는 것”을 가장 참을 수 없었다고 회고한다. 당장 거리에 나앉아야 하는 세입자 가족과 식사를 하다가 시멘트담을 쳐부수며 들어오던 철거반과 싸우고 돌아오는 길에 샀던 작은 노트가 ‘난장이 연작’의 시작이었다는 것이다. 한국현대문학의 고전으로 자리 잡았지만, 한편에서는 ‘노동자들은 읽기 어려운 지식인 소설’이라는 비판을 받았지만, 다른 한편에서는 빈부를 이분적인 선악의 문제로 치환한다는 비판도 받아왔다. 그러나 어느 연구자의 말을 빌리면 그 선악의 이분법 안에는 “부에 대한 동경과 경원이 한 사람의 내면 안에 공존”(정주아)하고 있다는 냉정한 통찰이, 그리고 현실이 그토록 삼엄하고 비참할 때조차 “따뜻한 사랑”을 포기할 수 없다는 작가의 의지가 담긴 것이기도 하다. 김애란 소설의 말미에서 아내는 우연히 20여년 전 남편이 연필로 밑줄 그은 &lt;난쏘공&gt;의 한 문장을 천천히 읽고는 울 것 같은 기분에 사로잡힌다. 부동산 시장뿐만 아니라 장애인 이동권 시위, 반지하 주택 철거 등을 둘러싸고 여전히 ‘약자’와 ‘더 약자’가 서로를 겨누고 있는 오늘날, 인간의 가장 깊은 고통에 귀 기울이면서도 고집스럽게 희망을 이야기했던, 지난달 영면한 작가의 전언은 반세기가 지난 한국 사회에도 여전히 묵직하다. “저희들도 난장이랍니다. 서로 몰라서 그렇지, 우리는 한편이에요.”
		",2023-01-05 03:03:02
"[기획] 日 암호자산 업계, CASC 도입 영향은?",2023.01.05,내외경제tv,http://www.nbntv.co.kr,,
"미국, 금리인상 압박 받나 왜?...다우ㆍ나스닥은↑, 비트코인 지지부진",2023.01.05,핀포인트뉴스,http://www.pinpointnews.co.kr,,
"뉴욕증시 비트코인 잘나가다 덜커덩, FOMC 의사록 ""매파"" 기준금리 5.4%",2023.01.05,글로벌이코노믹,http://www.g-enews.com/,,
"""비트코인 연내 3억 간다"".. 폭등론자들의 근거는?",2023.01.05,파이낸셜뉴스언론사 선정,https://n.news.naver.com/mnews/article/014/0004951549?sid=105,"
2024년 '반감기' 앞두고 폭등 랠리 기대비관론자들은 5000달러까지 폭락 전망 



암호화폐 비트코인과 이더리움 토큰의 삽화. /로이터 뉴스1 [파이낸셜뉴스] '1400% 폭등 온다 vs 70% 폭락한다.' 올해 비트코인 전망이 극과 극을 달리고 있다. 루나·테라 사태와 전세계 3위 가상자산 거래소 FTX 파산 등 예상치 못한 사건들이 연달아 터진 지난해에 이어 올해도 예측 불허한 장세가 이어질 것이라는 반증이다. 가상자산 커뮤니티에서도 '지금이 투자할 시점'인지에 대해 갑론을박이 벌어지고 있다.     '2024년 반감기가 우릴 구원할까' 코인 홀더들 갑론을박  



가상자산 전문가들이 제시한 2023년 비트코인 전망 /그래픽=정기현 기자 지난해 가상자산 시장은 혹독한 겨울을 맞았다. 가상자산 시장에서 1조3000억달러가 증발했고 비트코인 가격은 64% 폭락했다. 미국 연방준비제도(연준)의 강력한 통화긴축 기조에 루나·테라 사태, FTX 파산 등 예상치 못한 악재로 '원투 펀치'를 맞은 시장은 맥없이 주저 앉았다. 가상자산 상승을 자신한 전문가들은 예측이 크게 빗나가자 할 말을 잃었다.   올해도 불안한 한 해가 이어질 수 있다는 우려에 투자자들은 안절부절하지 못하고 있다.   가상자산 커뮤니티에서는 올해 가상자산 시장 예측을 두고 설왕설래가 이어지고 있다.   한 투자자는 ""그동안 반감기 이후 언제나 엄청난 폭등장이 왔다. 2024년 상반기에 반감기가 오고 이후 비트코인이 급등할 것""이라고 기대했다.   이에 대해 다른 투자자는 ""이번에는 이 공식이 깨질 것 같다. 주변에도 모두 코인판 끝났다고 포기하는 사람들이 많다""고 반박했다. 또다른 투자자는 ""예전 같은 미친 불장은 안 올 것 같다. 오더라도 소수만 이익을 보는 장일 것""이라고 예상했다.     전문가들 전망도 '극과 극'..1400% 폭등  전문가들 사이에서도 올해 '크립토 윈터'가 지속될 것이란 전망과 '크립토 윈터'가 끝나고 봄이 찾아 올 것이란 의견이 나뉘고 있다.   대표적인 비트코인 강세론자이자 억만장자인 팀 드레이퍼는 비트코인 랠리를 점쳤다. 2022년 연말까지 비트코인이 25만달러로 상승할 것이라는 전망을 올해 중반까지로 연장한다고 밝혔다. 이는 비트코인이 현재 가격에서 약 1400% 상승한다는 의미다.   드레이퍼는 현재 가상자산 시장이 바닥에 도달했다고 판단했다. 이어 침체된 가격과 거래량 감소에도 불구하고 2024년 반감기가 긍정적인 영향을 미칠 것이라고 내다봤다.   비트코인은 4년마다 블록 채굴 보상이 절반으로 줄어드는 반감기를 거친다. 다른 자산과 달리 전체 공급량이 공개되는 비트코인의 경우 수요에 따라 가격 변화가 크다.   현재 비트코인 채굴업자들은 가격 폭락과 에너지 비용 상승으로 압박을 받고 있다. 시장 큰 손인 이들이 부채를 갚기 위해 보유 자산을 처분하면 비트코인에 남아 있는 매도 압력 대부분이 제거되면서 비트코인 가격이 상승할 것이란 분석이다.   가상자산 거래소 루노의 비제이 아이야르 기술개발 담당 부사장 역시 지금이 비트코인을 매수할 좋은 기회라고 주장했다.   아이야르는 CNBC와의 인터뷰에서 ""이전 하락장에서 채굴자들이 항복하면 비트코인 가격이 바닥을 형성했다""며 ""시장이 채굴자들의 판매 압박을 충분히 흡수하는 지점에 도달하면 바닥을 볼 것으로 가정할 수 있다""고 설명했다.   캐롤 알렉산더 영국 석세스대 재무학 교수는 비트코인 가격이 올해 1·4분기 3만달러를 넘어선 뒤 3·4~4·4분기에 5만달러까지 오를 것이라고 내다봤다. 비트코인 거래량이 급감하면 큰 손들이 시장을 지원하기 위해 개입할 가능성이 높다는 분석이다. 핀테크업체 리버파이낸셜에 따르면 비트코인 보유량 기준 상위 97개 지갑 주소가 비트코인 공급량의 14.15%를 차지하고 있다.     '바닥 멀었다' 70% 추락 전망도    



비트코인 가격 연간 변동률 추이 /그래픽=정기현 기자 반면 비트코인 가격이 5000달러까지 추락할 것이라는 전망도 나왔다.   영국 은행 스탠더드차타드의 글로벌 연구 책임자인 에릭 로버트슨은 올해 비트코인 수익률이 기술주와 함께 급락할 것이라며 비트코인이 5000달러까지 떨어질 것으로 예상했다. 이는 현재 가격보다 70% 하락한 가격이다.   그는 ""점점 더 많은 가상자산 회사 및 거래소가 유동성 부족을 깨닫고 있으며 디지털 자산에 대한 투자자의 신뢰가 무너지면서 파산 문제가 심각해지고 있다""고 평가했다.   지난해 5월 비트코인 가격이 2만달러대로 떨어질 것을 정확하게 짚어낸 베테랑 투자자인 마크 모비우스는 비트코인 가격이 1만달러까지 떨어질 것이라는 전망을 유지했다. 금리가 높아지면 비트코인 등 가상자산을 보유하거나 구매하고자 하는 매력이 떨어진다는 이유에서다. #비트코인 #반감기 #가상자산 #FTX파산  
",2023-01-05 05:01:11
"[2023 코인시장] 주기영 크립토퀀트 대표 “비트코인=디지털金, 인식 깨져…일...",2023.01.05,이투데이,http://www.etoday.co.kr,,
"[2023 코인시장] 롱후이 구 서틱 대표 ""2022 꼭 필요한 경험, 2023 놓칠 수 없...",2023.01.05,이투데이,http://www.etoday.co.kr,,
코인 빙하기에 ‘모네로’가 선전하는 까닭은,2023.01.05,7면 TOP,https://n.news.naver.com/mnews/article/277/0005201223?sid=101,"
비트코인보다 낙폭 적어 관심보안성·익명성 강점 … 수사기관 압박에 수요 ↑ 보안성·익명성에서 강점을 가진 가상자산 모네로가 새삼 관심을 모으고 있다. 가상자산 규제 강화, 수사기관 압박 등의 움직임 때문이다. 다크웹 등 음지에서 주목을 받던 모네로는 개인정보 보호를 중시하는 투자자들의 관심을 끌면서 가상자산 침체기에 비트코인보다 적은 낙폭을 기록하고 있다.4일 글로벌 가상자산 시황 중계 사이트 코인마켓캡에 따르면 이날 모네로는 150달러대에서 거래됐다. 테라·루나 사태, 기준금리 인상, 가상자산 거래소 FTX 파산 등으로 가상자산 침체기가 본격화되기 전인 지난해 5월 초 229달러와 비교하면 34% 하락한 수치다. 간판 가상자산인 비트코인과 비교하면 양호한 상황이다. 이날 비트코인은 1만6850달러대에서 거래됐다. 지난해 5월 초 3만8307달러 대비 56%가량 급락했다. 특히 최근 일주일의 가격 등락률에서도 모네로가 비트코인을 앞섰다. 비트코인은 1.3% 올랐지만 모네로는 4.5% 넘게 상승했다. 전체 코인 시가총액 순위 23위다.



2014년 4월 개발된 모네로가 지금도 투자자의 이목을 끄는 것은 개인정보 보호에서 탁월하기 때문이다. 최근 FTX 사태 이후 각국 규제당국과 수사기관의 압박이 커지면서 보안성을 갖춘 코인에 대한 수요가 커졌다.모네로는 링 서명, 스텔스 주소 등으로 개인정보를 보호하고 있다. 링 서명은 모네로를 전송할 때 발신인뿐만 아니라 모네로 블록체인 그룹 내 다른 참여자의 주소를 결합한 여러 개의 계약 주소를 이용하게 된다. 다른 코인의 경우 발신인의 주소 하나를 통해 전송되지만 모네로는 링처럼 결합한 여러 주소를 이용하기 때문에 발신자가 그룹 내 구성원인 것까지만 공개되고 구체적으로 누구인지는 확인할 수 없게 된다.또 스텔스 주소 기능으로 일회용 주소를 만들고 이를 이용해 발신자와 수신자가 거래를 할 수 있도록 한다. 거래를 하는 당사자만이 주소를 결정할 수 있고 타인은 연결할 수 없는 블록체인의 고유 주소에서 교환이 이뤄지게 된다. 거래 코인 수량뿐만 아니라 주소로의 송수신은 난독화를 거쳐 누가 거래에 참여했는지 파악할 수 없도록 한다.링 서명과 스텔스 주소라는 이중 장치 덕에 모네로는 거래 내역을 추적하기 어려운 프라이버시 코인의 대표주자로 알려졌다. 다만 뛰어난 보안성 때문에 모네로는 불법 거래에 악용되기도 한다. 가상자산 리서치 플랫폼 쟁글은 ""프로젝트는 개인정보 보호에 초점을 맞추고 있으며 전송되는 금액뿐만 아니라 거래의 발신자와 수신자의 신원을 모두 모호하게 해서 사용자에게 높은 수준의 익명성을 제공하는 것을 목표로 한다""라며 ""강력한 개인정보 보호 기능으로 일부 사람들에게 높은 평가를 받지만, 익명성이 불법 행위로 이어질 수 있기 때문에 비판의 대상이 되기도 한다""라고 평가했다. 



2020년 텔레그램 n번방 사건 때 '박사방' 운영자 조주빈과 일당도 모네로를 활용한 것으로 알려졌다. 사진=연합뉴스특히 모네로는 특정 브라우저로만 접근 가능한 다크웹 등에서 마약·음란물 등의 불법 거래 수단으로 활용되기도 한다. 2020년 텔레그램 n번방 사건 때 '박사방' 운영자 조주빈과 일당도 모네로를 이용한 것으로 알려졌다. 트위터에선 '모든 암호화폐(비트코인·이더리움·모네로 등) 자금 세탁합니다. 불법 자금 은닉, 환전 컨설팅합니다'라는 홍보글도 쉽게 찾아볼 수 있다.
",2023-01-05 06:00:00
[3가지 경제] 6개월 만에 최고치 금값,2023.01.05,MBC언론사 선정,https://n.news.naver.com/mnews/article/214/0001245898?sid=101,"














[뉴스투데이]◀ 기자 ▶오늘 우리가 알아야 할 경제 소식  세 개.◀ 기자 ▶3가지 경제 시작하겠습니다.◀ 기자 ▶첫 번째 소식부터 살펴볼까요?◀ 기자 ▶6개월 만에 최고치 네모라고 나와 있습니다.◀ 기자 ▶도대체 어떤 게 최고치를 찍었다는 건지 한번 내용 확인해 보겠습니다.◀ 기자 ▶금값이네요.◀ 기자 ▶금하면 좀 안전한 자산으로 분류되는 거 아니겠습니까? 상대적으로.◀ 기자 ▶상대적으로 안전 자산으로 분류되고 금값이 시장에서 6개월 만에 최고치를 나타냈다는 소식입니다.◀ 기자 ▶금값이 이렇게 오른 배경도 짚어봐야 할 것 같은데 저희가 관련 그래프를 보면서 설명해 드려 보겠습니다.한번 보여주실까요?이게 지금 금이랑 비트코인의 가격을 동시에 올려놓은 그래프네요.◀ 기자 ▶재작년과 작년에 비트코인 금액 가격  추이를 나타낸 그래프인데 아무래도 금과 비트코인은 엇갈리면서 상대적으로 대칭을 보이고 있습니다.그래서 금이 안전 자산 성향이 강해졌을 때 선호 현상이 강해질 때는 위험요소가 높고요.비트코인도 있는데 전체 수익률을 보면 비트코인은 마이너스 64%로 굉장히 안 좋았고요.◀ 기자 ▶작년에 금리 워낙 빠르게 올랐으니까  아무래도 위험 자산들이 많이 가라앉았죠.◀ 기자 ▶대신 달러와 금이 강세를 보였습니다.그런데 지금 금값이 지금 6개월 만에  최고치라는 이야기는 어떻겠습니까?2023년에도 고금리, 고물가가 지속될  거라는 전망이 시장에 지배적이라고 해석한다는 겁니다.◀ 기자 ▶안전 자산이 올라간다는 건 그만큼  지금 시장 참여자들이 불안해 하고 있다. 이런 징조일 수도 있겠습니다.그리고 다음 소식으로 한번 가볼까요?이건 제가 한번 읽어보겠습니다.김밥 한 줄에 네모 넘었다.이렇게 되어 있네요.◀ 기자 ▶김밥 한 줄에 얼마를 넘었는지 한번 수치를 보면서 설명을 드릴게요.◀ 기자 ▶확인해보겠습니다.보여주시죠.3000원 넘게.물가 소식이었네요.◀ 기자 ▶물가 소식이었고 사실 김밥 한 줄에  3000원 부담되는 가격이긴 한데 어떻게 외식 물가가 얼마나 올랐는지 한번  다른 품목들도 표를 보면서 설명을 드리겠습니다.◀ 기자 ▶화면 보여주실까요?이게 지금 주요 품목들을 올려놓은 건데 이게 소비자원에서 조사한 결과 인거죠?◀ 기자 ▶소비자원에서 가격 종합 포털, 나온 평균 가격입니다.그래서 외식 물가를 한눈에 볼 수 있는데 가장 중간에 눈에 띄는 게  짜장면이 거의 13.8%로 가장 많이 올랐습니다.◀ 기자 ▶이제 짜장면 한 그릇에 6500원이 넘는 상황이 됐고 지금 보면 이제 냉면도 한 그릇에 1만 원이 넘고요.비빔밥도 거의 1만 원이죠.그리고 칼국수도 8500원 이상.◀ 기자 ▶이 김밥 같은 경우에는 작년 초만 해도 사실 3000원 아래였거든요.그런데 작년 말이 되면서 거의 1년 사이에 3100원을 돌파했습니다.◀ 기자 ▶요새 1만 원 가지고 한 끼 먹기도  빠듯하다는 이야기를 흔히 했는데 수치로 확인되는 것 같고요.◀ 기자 ▶특히 외식 물가 우리가 주목하는  이유가 체감 물가에 가장 큰 영향을 미치는데 이게 30년 만에 가장 높은  수준이라고 하니까 걱정이 일단 되는거고요.그다음에 아무래도 고물가 기조가  올해에도 계속될 것으로 보이기 때문에 그냥 걱정된 부분이 되겠습니다.◀ 기자 ▶더구나 새해부터는 원유 가격, 우윳값이 크게 올랐거든요.그렇기 때문에 우유를 쓰는 제품들,  빵이랄지 카페에서 라테 같은 음료도 가격이 오를 거로 예상이 돼서 당분간  외식 물가 상승 압력이 계속될 수 있을 것 같습니다.그러면 저희 마지막 소식으로 한번 가보겠습니다.이거 한번 직접 읽어주실까요?◀ 기자 ▶전통시장에서 사면 네모 환급.◀ 기자 ▶환급은 돌려준다는 건데 뭘  돌려주는지 한번 보겠습니다.◀ 기자 ▶한번 보시죠.◀ 기자 ▶최대 30%.◀ 기자 ▶설 연휴 때 어떻게 보면 설 연휴 앞뒤로 최대한 소비도 진작을 하고 어려운 상인들도 돕자 해서 온누리 상품권으로 최대 구매  금액의 30%까지 환급해 준다는 소식입니다.◀ 기자 ▶그러니까 내가 물건을 시장에서 사면  돈으로 받는 게 아니라 상품권으로 받는 건데 그럼 이걸 어떻게 받는 건지 저희가 사진을 좀 보겠습니다.이게 지난해 한 시장에서 했던 행사입니다.그런데 보면 이렇게 구매 금액이  올라갈수록 상품권 액수가 늘어나고요.최대 2만 원까지 환급해 주는 식으로 행사 진행했었는데 아마 올해도 비슷하게 가지 않을까 싶습니다.저희 지금까지 3가지 소식 살펴봤고요.◀ 기자 ▶저희는 다음 주에 더 알찬 경제  소식으로 찾아뵙겠습니다.◀ 기자 ▶지금까지.◀ 기자 ▶3가지 경제였습니다.MBC 뉴스는 24시간 여러분의 제보를 기다립니다. ▷ 전화 02-784-4000▷ 이메일 mbcjebo@mbc.co.kr▷ 카카오톡 @mbc제보
",2023-01-05 06:50:35
"연준 ""주식 올라 걱정"" 경고에도 뉴욕증시 깜짝상승…S&P500 0.75%↑[데일리국...",2023.01.05,서울경제언론사 선정,https://n.news.naver.com/mnews/article/011/0004141430?sid=101,"
다우존스 0.4%↑, 나스닥 0.69%↑FOMC회의록서 연내 금리 인하 전망 위원 없어""연준에 대한 오해로 금융 시장 완화""11월 구인 일자리 1045만개···예상치 웃돌아침체 우려에 채권수익률·유가 하락



뉴욕증권거래소. 로이터연합뉴스[서울경제] 뉴욕증시가 깜짝 상승 마감했다. 예상을 웃도는 11월 구인일자리수와 주가 상승에 대해 직접적으로 경고한 연방준비제도(Fed·연준)의 매파적 회의록에도 불구하고 증시가 장 막판 상승해 플러스로 돌아섰다.4일(현지시간) CNBC에 따르면 다우존스산업지수는 133.4포인트(+0.4%) 오른 3만3269.77에 장을 마감했다. 스탠다드앤푸어스(S&amp;P)500은 28.83포인트(+0.75%) 상승한 3852.97에, 기술주 중심의 나스닥지수는 71.78포인트(+0.69%) 오른 1만458.76에 거래를 마쳤다.이날 공개된 연회의록에서는 주식과 채권 등 금융시장이 연준의 통화정책이 덜 매파적일 것이라 믿고 완화하는 상황을 우려했다. 회의록은 “연준이 새로운 경제 데이터에 어떻게 반응할 것인지에 대한 대중의 오해로 인해 발생하는 부당한 금융 상황 완화는 물가를 안정시키려는 연준의 노력을 복잡하게 만들 것”이라고 말했다. 주식과 채권 가격이 오르는 것이 걱정된다고 콕 찍어 말한 셈이다.특히 올해 금리 인하를 전망하는 위원은 전무했다는 사실을 확인하면서 증시는 회의록 공개 직후 하락했다. 자산운용사 드베어 그룹의 나이젤 그린 최고경영자(CEO)는 “공무원들은 여전히 ??매파적이며 특히 타이트한 노동시장에 대해 우려하고 있는 것으로 보인다”며 “노동 시장이 그다지 빨리 식지 않기 때문에 연준의 회의는 11월의 비둘기파적이었지만 12월들어 어조가 상당히 전환됐다”고 평가했다.올해 투표권을 행사하는 닐 카시카리 미니애폴리스 연방준비은행(연은) 총재는 이날 홈페이지에 공개한 글에서 “인플레이션이 정점에 다다랐다고 자신할 때까지 적어도 몇차례 금리를 인상하는 것이 적절할 것”이라며 “나는 5.4%에서 정지할 것으로 생각하지만, 충분히 제약적인 수준이 어느정도인지는 즉시 알 수는 없다”고 말했다. 그러면서 “인플레이션 완화가 더디다면 연준은 정책금리를 더 오랜 기간 더 높게 유지해야 할 수도 있다”고 말했다.이날 오전 증시는 11월 미국 구인이직보고서(JOLTS) 발표후 장 초반 하락했다. 구인일자리수는 11월 1046만개로 전월(10월)의 1051만개에서 약 5만 개 줄었다. 다만 시장의 전망치는 11월 1000만개였으며 이에 따라 1000만개 미만으로 떨어질 수 있다는 기대감이 있었던 점을 고려하면 시장이 만족하지는 못하는 수준이었다. 11월 실업자 1인당 일자리는 1.7개로 소폭 줄었다. 다만 팬데믹 이전 수준인 1.2개는 웃돈다.이날 발표된 12월 ISM 미국 제조업 지수는 2020년 5월 이후 최저 수준인 48.4로 하락했다. 50미만은 경기 위축을 의미한다.이날 막판 상승에 대해 롬바드오이디어인베스트먼트의 거시 헤드인 플로리안 이엘포는 “주식시장의 랠리는 연준이 한번도 달성하지 못했던 연착륙 아이디어를 기반으로 하고 있다”고 해석하기도 했다.채권 수익률은 큰 폭으로 떨어졌다. 10년만기 미국 국채 수익률은 이날 약 10bp(1bp=0.01%포인트) 하락한 3.692%에 거래됐다. 2년물도 5bp 하락한 4.355%에 거래됐다. 연준 회의록이 주가 상승과 채권 수익률 하락에 대한 직설적인 경고를 냈지만, 연준의 금리 인상이 길어지면 장기적으로 침체가 올 수 있다는 전망을 반영한 것으로 보인다.유가도 침체 우려를 반영해 이틀 연속 하락했다. 이날 뉴욕상업거래소에서 2월 인도분 서부 텍사스산 원유(WTI)는 배럴당 5.3%(4.09달러) 떨어진 72.84달러에 거래를 마쳤다.주요암호화폐 가격은 올랐다. 비트코인은 24시간 전 대비 1% 올라 1만6189달러대에 거래 중이며 이더리움은 3.43% 오른 1252달러 선에서 거래되고 있다.
",2023-01-05 06:57:01
"뉴욕증시, ‘강경 매파’ 연준에도 상승 반전 ‘테슬라 5% 반등’…유가 급락...",2023.01.05,한국경제TV언론사 선정,https://n.news.naver.com/mnews/article/215/0001075565?sid=101,"




[글로벌시장 지표 / 1월 5일 오전 6시 현재] 



[미국증시 마감시황]뉴욕증시는 4일(현지시간) 상승했다. 뉴욕증권거래소(NYSE)에서 다우지수는 전 거래일 대비 133.40포인트(0.40%) 상승한 3만3269.77에 마감했다. S&amp;P500지수는 28.83포인트(0.75%) 오른 3852.97에, 기술주 중심의 나스닥지수는 71.78포인트(0.69%) 상승한 1만458.76에 거래를 마쳤다.이날 시장은 연방공개시장위원회(FOMC) 회의록과 연방준비제도(연준·Fed) 위원 발언에 주목했다.시장은 이날 오후 공개된 12월 FOMC 정례회의 의사록을 통해 연준의 강경한 긴축 의지를 재확인 했다. 회의록에 따르면 회의 참석자들은 “위원회의 대응에 대한 대중의 오해로 금융 여건이 부적절하게 완화되면 물가 안정을 복원하려는 위원회의 노력이 복잡해질 것”이라고 지적했다. 연준은 연내 기준금리 인하 가능성이 없다며 통화정책 완화는 기대하는 시장의 낙관론이 인플레이션을 잡으려는 연준의 노력을 망칠 수 있다는 경계심을 표현했다.시장에서는 연준이 이르면 1분기 안에 금리인상을 중단하고 하반기 중 금리인하로 방향을 틀 것으로 보고 있었으나 당국은 당분간 금리인하는 없다는 입장을 다시 한번 시사했다. 실제로 의사록에 따르면 19명의 FOMC 위원 중 2023년 중 금리인하가 적절할 것으로 예상한 위원은 한 명도 없었다. FOMC 위원들이 점도표에서 제시한 올해 말 기준금리 전망치는 5.0∼5.25%로 현재보다 0.75%포인트 높은 수준이다.의사록은 “참석자들이 적절한 기준금리 경로라고 평가하는 수치의 중간값은 물가상승률을 2% 목표치로 되돌리려는 위원회의 강한 의지를 부각시켜준다”고 설명했다. 또 “참석자들은 향후 경제 지표들을 보고 물가상승률이 2%를 향해 지속적으로 내려간다는 확신이 들 때까지는 제약적인 정책 스탠스를 계속 유지할 필요가 있다고 언급했다”고 전해졌다.의사록 발표에 앞서 연준 당국자의 발언도 나왔다. 연준 내 매파(통화긴축 선호)로 돌아선 닐 카시카리 미니애폴리스 연방준비은행(연은) 총재는 지역 연은 홈페이지에 게시한 글에서 연준이 앞으로 몇 달간 계속 금리를 인상할 필요가 있다고 말했다. 카시카리 총재는 인플레이션이 고점에 이르렀다고 자신할 때까지 적어도 앞으로 몇 달간 금리를 올리는 것이 적절할 것이라며 올해 상반기에 금리를 5.4% 근방으로 인상할 필요가 있다고 말했다.이날 발표된 미국의 11월 채용공고 건수는 시장의 예상치를 웃돌면서 고용시장이 여전히 강한 모습을 보이고 있음을 시사했다. 이에 연준의 금리 인상이 장기화할 것이란 우려가 부각되며 뉴욕 증시의 주요 지수도 초반 상승폭을 다소 축소했다.미 노동부가 발표한 11월 구인이직보고서(JOLTS)에 따르면 11월 미국 내 구인건수(채용공고)는 1045만8000건으로 집계됐다. 10월에 비해 5만4000건 줄었으나, 로이터 전문 전망치(1000만건)는 웃돌았다.또 이날 발표된 미국 제조업은 지난 12월에도 위축된 것으로 나타났다. 미국 공급관리협회(ISM)는 12월 제조업 구매관리자지수(PMI)가 48.4로 두 달 연속 하락했다고 밝혔다. 이는 2020년 5월 코로나19 이후 경제가 타격을 입은 이후 가장 약한 수치였다. 로이터가 조사한 이코노미스트들은 지수가 48.5로 떨어질 것으로 예상해 전망치와 비슷했다.[특징주]■기술주중국 기술주들이 급등하면서 나스닥 상장 기술주에도 훈풍을 몰고왔다. 넷플릭스 4.9%, 애플 1.03%, 메타 2.11% 상승한 반면 알파벳 1.17%, 마이크로소프트는 4.37% 하락했다.■반도체주반도체주는 급등했다. 마이크론 7.60%, 엔비디아 3.03%, 마벨 테크놀로지 1.72%, AMD 1.00% 상승 마감했다.■전기차주전일 12.24% 폭락한 테슬라가 이날 5.12% 반등한 113.64 달러에 마감했다. 루시드도 5.02%, 니콜라 3.6%, 리비안 2.13% 상승 마감했다.■중국기술주중국 당국이 앤트그룹의 자본조달 계획을 승인한 영향으로 뉴욕에 상장된 중국 기술주들이 급등했다. 제이디닷컴 14.68%, 알리바바 12.98%, 바이두 10.60%, 핀듀오듀오 7.73% 상승했다.■세일즈포스세일즈포스는 인력의 10%를 감원할 것이라고 발표해 3.57% 상승했다.[유럽증시 마감시황]유럽 주요국 증시는 4일(현지시간) 상승세로 마감했다.범유럽지수인 STOXX 600 지수는 전 거래일 대비 6.01포인트(1.38%) 상승한 440.19에 마감했고, 독일 프랑크푸르트 증시의 DAX지수는 309.11포인트(2.18%) 오른 1만4490.78을 기록했다. 프랑스 파리 증시의 CAC40지수는 152.54포인트(2.30%) 급등한 6776.43, 영국 런던 증시의 FTSE100지수는 31.10포인트(0.41%) 뛴 7585.19로 집계됐다.[중국증시 마감시황]중국증시는 4일(현지시간) 혼조 마감했다.이날 상하이종합지수는 0.22% 상승한 3123.52로 마감했으나 선전성분지수와 창업판지수는 각각 0.20%, 0.0% 하락 마감했다.금일 상하이증시는 부동산 섹터가 상승을 견인했다. 그밖에 온라인게임, 건축자재 섹터 역시 상승세가 두드러졌다. 반면 석탄, 중의약 섹터는 하락 마감했다.한편 금일 외국인 자금은 18.44억 위안 순유입됐다.[베트남증시 마감시황]베트남증시는 4일(현지시간) 상승했다. 벤치마크 VN지수는 전 거래일에 비해 2.45(0.23%) 상승한 1,046.35를 기록했고 167개 종목이 상승, 162개 종목이 하락했다.베트남증시 시가총액 상위30대 종목으로 구성된 VN30지수도 2.90(0.28%) 오른 1,050.15로 마감했고 13개 종목이 상승, 13개 종목이 하락했다.중소형주 위주의 하노이거래소 HNX지수는 0.50(0.23%) 상승한 213.06를 기록했고 80개 종목 상승, 84개 종목이 하락했다. 비상장기업 UPCoM거래소도 0.36(0.49%) 오른 72.76를 기록했는데 169개 종목이 상승을, 그리고 81개 종목이 하락했다.이날 거래대금은 전거래일에 비해 13.9% 증가한 10조5,300억동(4억4,800만달러)을 기록했다.외국인 투자자는 3,630억동 순매수하며 이날 장을 모두 마쳤다.[국제유가]국제유가는 중국을 비롯한 전 세계 경기 둔화에 대한 우려가 지속되며 하락했다. 뉴욕상업거래소에서 2월물 서부텍사스산원유(WTI) 가격은 전장보다 4.09달러(5.3%) 하락한 배럴당 72.84달러에 거래를 마쳤다. 이날 종가는 지난해 12월 9일 이후 최저치다.[금]안전 자산인 금 가격은 상승하며 4거래일 째 상승세를 기록중이다. 뉴욕상품거래소에서 2월 인도분 금은 전 거래일보다 온스당 0.7%(12.90달러) 오른 1859달러에 거래를 마쳤다. 이는 6월 10일 이후 최고가다.



* 더 많은 글로벌투자 뉴스는 [한경 KVINA] 홈페이지에서 볼 수 있습니다. 



▶연재 몰아보기https://www.wowtv.co.kr/Opinion/SerialColumn/DetailList?subMenu=opinion&amp;Class=S&amp;menuSeq=721&amp;seq=894
",2023-01-05 07:11:59
"[글로벌 마켓] 상승세 타던 뉴욕증시, 12월 FOMC 의사록에 '흔들'",2023.01.05,SBS Biz,https://n.news.naver.com/mnews/article/374/0000317290?sid=101,"
■ 모닝벨 '글로벌 마켓' - 정다인◇ 뉴욕증시수요일에는 각종 경제지표, FOMC 회의 의사록이 발표되기 때문에 상승세가 흔들리지는 않을까 걱정했는데요.경제지표까지는 좋았다가 기습 FOMC 회의 의사록이 시장을 흔들었습니다. 연초부터 2거래일 연속 하락하나 서운할 뻔했는데요.상승 폭은 줄었지만, 초록 불은 지켜냈습니다.다우 지수가 0.4%, 나스닥과 S&amp;P500 지수가 0.7% 안팎으로 올랐습니다. 오늘(5일)의 이슈부터 확인해 보겠습니다.먼저 미국의 구직, 이직 상황을 알려주는 JOLTs 보고서가 있었죠. 지난 11월 보고서가 나왔는데요.'경기침체가 온다, 불경기가 올 것이다' 말이 많지만 일자리는 여전히 많은 것으로 드러났습니다. 지난 11월 일자리 수가 1,046만 개였습니다.10월 1,051만 개에서 살짝 줄었지만, 예상치 1천만 개를 웃돌았고, 지난해 초와 비교하면 많은 수준이죠.노동시장이 여전히 탄탄한 것인데, 미 연준의 긴축 기조가 지속될 명분이 될 수 있죠.그렇게 따진다면 악재 아닌가요?하지만 다른 경제지표와 보면 해석이 좀 달라질집니다.공급관리협회가 발표한 12월 제조업 구매관리자지수 PMI입니다.12월에 48.4를 기록하면서 두 달 연속 위축 국면에 있었습니다.미 연준의 금리 인상이 효과를 내고 있는 것을 알 수가 있죠.인플레이션 상승 압력 완화도 기대할 수 있다는 뜻입니다. 노동시장이 튼튼한데, 인플레이션 문제는 조금씩 해결되고 있다?이 포인트에서 시장이 경기침체 우려를 던 것으로 보입니다. 미 연준의 긴축 기조가 두려웠던 이유 중 하나가 경기침체였는데, 노동시장만 일정 수준에서 견고하게 유지된다면 침체까지 가지 않을 수 있겠다는 생각이 들었겠죠.현지시간 5일과 6일에 각각 ADP 고용보고서와 12월 비농업 부문 신규 고용이 발표되죠?주목하셔야겠습니다. 이렇게 경제지표가 발표될 때까지만 해도 괜찮았는데요.시장은 뉴욕 시계가 오후 2시를 가리키자 흔들렸습니다. 바로 12월 FOMC 회의 의사록이 공개된 시점입니다.연준위원들은 인플레이션이 2%로 내려오고 있다는 확신이 들기 전까지 높은 금리를 유지해야 한다는 의견을 나눴습니다. 일부 위원들은 기준금리 인상 속도를 늦추는 것이 피벗을 의미하는 것은 아니라고 강조하기도 했습니다.이들의 대화를 보면 연준은 높은 금리를 충분히 유지하지 않아 1970년대와 같은 위기를 맞이할 가능성, 너무 오래 유지해 경기침체를 유발할 가능성.이 2가지 시나리오 사이에서 고민에 빠져 있었는데요.인플레이션이 또 급등하는 위기를 맞이하는 것보다는 긴축 기조를 오래 유지하는 게 맞다는 쪽에 의견이 모인 것으로 보입니다.이렇게 되면 올해 시장이 작은 희망을 가졌던 금리인하는 없다고 보는 게 현실적인 것이죠. 시총 상위 종목도 흔들렸을까요?흔들렸다가 제자리를 찾아가는 모습이었습니다.애플은 1% 오르며 가까스로 시총 2조 달러를 회복했습니다.마이크로소프트는 하락률이 4.37%로 컸죠.오피스 프로그램과 애저 사업 리스크를 이유로 UBS가 투자의견을 매수에서 중립으로 하향한 여파가 컸습니다. 전날 올랐던 알파벳과 아마존은 내림세로 전환했고요.버크셔해서웨이는 1.43% 올랐습니다.유나이티드 헬스그룹이 2.73% 하락했고, 존슨앤존슨이 1% 올랐습니다. 이어서 금융주인 비자가 2.5% 올랐고, JP모건도 0.9% 강세를 보였습니다.수요일 장에서는 특징주도 많았습니다.먼저 GM입니다.제너럴 모터스가 판매 대수를 기준으로 일본 도요타 자동차를 제치고 미 최대 자동차 업체 자리에 앉았습니다. GM의 미국 자동차 판매 대수는 전년 대비 2.5% 증가해 274만 대를 기록한 반면, 도요타의 판매 대수는 전년 대비 9.6% 급감하며 210만 대에 그쳤습니다. 제너럴 일렉트릭도 5.86% 상승세인데요.분사한 GE헬스케어 영향을 받았습니다.지난 2021년, GE는 항공 분야에 집중하기 위해 3개 사로 나누어질 것이라고 밝힌 바 있고, GE헬스케어가 첫 시작인데요. GE헬스케어는 시가총액이 32조 5천억 원에 달하는 의료분야 대기업입니다.현재 주가는 2022년 예상 이익의 10배 수준으로, 동종기업인 지멘스 헬스케어가 2022년 예상 이익의 16배 수준에서 거래되는 점을 감안하면 저렴한 편입니다. GE에서 에너지 사업부는 2024년에 스핀오프될 예정입니다. 수요일 장에서 중국 기업 주가가 급등했습니다.지난달 중국 정부는 내수 부양을 위해 민간 분야를 강조하며, 빅테크 지원에 강력한 신호를 보냈는데요.알리바바의 핀테크 계열사 앤트 그룹이 중국 당국으로부터 자본조달 계획을 승인받으면서 신호에 그치지 않고 현실이 됐기 때문입니다. ◇ 유럽증시유럽 주요국 증시입니다.FTSE 지수를 제외하고 2% 이상 상승했습니다.독일에 이어 프랑스의 소비자 물가상승률도 전년 대비 둔화한 것으로 확인되면서 시장에 호재가 됐습니다. 하루 뒤늦게 출발한 FTSE 지수는 다른 시장보다 한 박자 늦는 모습이죠. ◇ 비트코인·국제유가·원달러환율비트코인은 현재 오전 7시 기준 2,150만 원대에 계속해서 거래되고 있습니다.소폭 올랐지만 여전히 2,100만 원 박스권에 갇혀 있는데요.가상자산 시장에 올해 완연한 봄이 찾아올 것이란 분석이 있어서 가져와 봤습니다.하락장 다음에는 꼭 큰 반등이 있었는데요.블록체인, NFT 시장이 성장함에 따라 가상자산의 활용도가 늘어나 호재가 될 것이란 분석입니다. 국제유가는 하락했습니다.WTI가 5% 넘게 하락하면서 배럴당 72달러 선에 거래를 마쳤고요.미 10년물 국채금리는 3.686%를 나타내고 있습니다.어제(4일) 원·달러 환율은 1,280원대를 돌파했다가 1,271원 70전에 마감했습니다.
		",2023-01-05 07:22:01
"비트코인, 뉴욕증시 따라 상승 곡선...올해 전망은 엇갈려",2023.01.05,국제뉴스,http://www.gukjenews.com/,,
"[아주경제 코이너스 브리핑] 비트코인 가격, 2주째 답보세 유지",2023.01.05,아주경제,http://www.ajunews.com,,
"솔라나와 앱토스 예상 로드맵은?...비트코인 2156만원, 리플 433원, 솔라나 1...",2023.01.05,핀포인트뉴스,http://www.pinpointnews.co.kr,,
서울고법 판례위원회 선정 중요 판결·결정,2023.01.05,법률신문,http://www.lawtimes.co.kr/,,
서울고등법원 2021나2047876 손해배상(기),2023.01.05,법률신문,http://www.lawtimes.co.kr/,,
암호화폐 관련주 반등...마라톤디지털·코인베이스 주도,2023.01.05,토큰포스트,https://www.tokenpost.kr,,
비트코인 돈 세탁 방치했는데 이 정도면 다행? 코인베이스 주가 12% 급등,2023.01.05,에너지경제,http://www.ekn.kr,,
1월 5일 ETF 시황...KEUA·AIA 강세 [글로벌 시황&이슈],2023.01.05,한국경제TV,https://n.news.naver.com/mnews/article/215/0001075577?sid=101,"
			수요일 미국장 ETF 상승 상위에는 암호화폐 관련 펀드들이 많았습니다. 앞서 시황에서 살펴보셨듯  이날 비트코인을 포함 암호화폐들 대체로 강세였는데요. 화요일에는 부진했던 투심이 반짝 올라주면서 리스크 투자 부문에도 이렇게 수요가 몰린 모습을 연출했습니다. 보시는 건 BITQ ETF로 비트와이즈에서 운용하는 펀드입니다. 오늘 현재 11.8% 정도 상승했고 대체로 갤럭시 디지털 홀딩스나 마이크로 스트래터지, 코인베이스 등의 종목들을 보유하고 있습니다. 오늘 해당 종목들도 모두 11% 대 상승 보이고 있습니다.한편 어제 우리나라 증시도 반짝 올라줬습니다. 아시아에서 일본을 제외하고 홍콩과 상하이 지수도 올랐습니다. 이에 따라 아시아에 집중 투자하는 ETF가 오늘 흐름이 좋은데요. 블랙록에서 AIA 라는 펀드를 운용하고 있습니다. 수수료는 0.5% 정도로 대체로 나라 중에서는 중국과 홍콩, 싱가포르 대만 등에 집중해서 투자하며, IT 기업과 금융 기업 비중이 합쳐서 절반 가량됩니다. TSMC와 텐센트 , 삼성 전자, 그리고 (ETF 티커명이랑 헷갈릴 수 있겠지만)  실제로 홍콩 거래소에 상장되어 있는 손해보험회사 AIA 까지 담겨 있습니다.한편 이날 유럽 탄소배출권 펀드 KEUA ETF를 포함해 탄소 관련 펀드들 흐름이 좋지 않았습니다. 해당 펀드는 7% 하락했습니다. 2050년까지 탄소배출 제로를 달성한다는 전세계의 탄소 감축 기조에 해당 부문이 주목을 받았는데요. 보통 탄소 배출 부문은 포트폴리오 다각화용으로 유망하게 꼽히는데, 작년에 투자환경이 어려웠던 속에서 이 부문에 투자하기 보다는 좀더 명확한 종목과 시장에 집중하는 투자자와 전문가들이 많았습니다.마지막으로 넘어가보겠습니다. 해운 운송 주식들 올해 전망은 어떨까요? 글로벌 해운 운송 주식 중에는 다나오스(DAC)와 ZIM 인티그레이티드 시핑 서비시스(ZIM), 스타벌크 캐리어(SBLK) 이 외에  A.P 몰러, 컨테이너사 하파크로이드 등이 있습니다. 작년에는 공급방 병목 현상과 강한 상품 수요에 힘입어 상승세를 보았고, 이에 따라 운임료도 오르는 흐름이었는데요. 하지만 최근 글로벌 거시 환경에따라 운임이 내리고 공금망 병목 현상도 완화 되면서 이 분야에 다소 신중하게 접근해야할 것으로 전망되고 있습니다.이날 하락한 BOAT ETF는 전세계 해상 운송 물류 기업들을 추종하고 있습니다. 상품과 원자재, 소비재 , 자동차 , 원유나 천연가스 등을 담당하는 기업들을 포함하는데요. 해상 운송은 전세계 물류의 90%를 차지한다고 하네요. 현재 토로소 펀드가 운용중이며 수수료는 0.69% 입니다.보유 기업들은 반기마다 조정이 되는데 현재 보유 상위에는 일본 기업인 카와사키 키센 그룹, 중국의 SITC 인터내셔널 홀딩스, 그리고 덴마크의 물류 회사 A.P. 몰러머스크같은 기업들이 5% 미만 비중으로 담겨있습니다.전가은 외신캐스터
		",2023-01-05 08:08:58
"유럽중앙은행, CBDC 규정집 작성 위한 실무그룹 구성",2023.01.05,토큰포스트,https://www.tokenpost.kr,,
2023 자본시장 달구는 증권형 토큰…플랫폼 경쟁 막 오른다,2023.01.05,MTN,http://mtn.mt.co.kr,,
지난해 암호화폐 펀드에 4억3000만 달러 순유입...2018년 이후 최저,2023.01.05,토큰포스트,https://www.tokenpost.kr,,
"[굿모닝 마켓] ""시장이 틀렸다""…기습 FOMC 의사록 '금리인하 신호 無'",2023.01.05,SBS Biz,https://n.news.naver.com/mnews/article/374/0000317309?sid=101,"
■ 재테크 노하우 100분 머니쇼 '굿모닝 마켓' - 정다인연초부터 2거래일 연속 하락하면 서운할 뻔했는데, 뉴욕 증시가 상승 마감했습니다.수요일 장에는 이슈도 많고, 특징주도 많습니다.그럼 키워드부터 볼까요?오늘(5일) 제가 꼽은 한 마디는 ""시장이 틀렸다""입니다. 로저 퍼거슨 전 미 연방준비제도 이사회 부의장이 한 말인데요. 연준의 경제전망과 점도표를 보거나, 제롬 파월 미 연준의장의 기자회견을 들어봐도 올해 금리 인하 신호가 없는데, 왜 금리 인하를 기대하고 있냐며 한 말입니다.손짓도 침착하라고 하는 것 같은데요.새벽에 발표된 FOMC 의사록에서 퍼거슨 전 부의장의 말이 맞다는 것을 알 수가 있었습니다. 뉴욕 증시가 소폭 상승 마감했습니다.다우 지수가 0.4%, 나스닥과 S&amp;P500 지수 0.7% 안팎의 상승률을 기록했습니다.이제 시간을 되돌려서 현지시간 4일 오전 9시 반, 개장으로 가보겠습니다.주요 지수는 상승 출발했습니다.경제지표가 호재였습니다.    먼저 미국의 구직, 이직 상황을 알려주는 JOLTs 보고서가 있었죠. 지난 11월 보고서가 나왔는데요.'경기침체가 온다, 불경기가 올 것이다' 말이 많지만 일자리는 여전히 많은 것으로 드러났습니다. 지난 11월 일자리 수가 1,046만 개였습니다.10월 1,051만 개에서 살짝 줄었지만, 예상치 1천만 개를 웃돌았고, 지난해 초와 비교하면 많은 수준이죠.탄탄한 노동시장은 미 연준의 긴축 기조가 지속될 명분이 될 수 있습니다.그렇게 따진다면 악재 아닌가요?하지만 다른 경제지표와 보면 같이 보면 해석이 좀 달라질 수 있습니다.공급관리협회가 발표한 12월 제조업 구매관리자지수 PMI입니다. 12월에 48.4를 기록하면서 두 달 연속 50 아래, 위축 국면에 있었습니다.미 연준의 금리 인상이 효과가 있다는 것을 알 수 있죠.인플레이션 상승 압력 완화를 기대할 수 있다는 뜻입니다. 노동시장이 튼튼한데, 인플레이션 문제는 개선되고 있다?이 포인트에서 시장이 경기침체 우려를 덜은 것으로 보입니다. 미 연준의 긴축 기조가 두려웠던 이유 중 하나가 경기침체였는데, 노동시장만 일정 수준에서 견고하게 유지된다면 침체까지 가지 않을 수 있겠다는 생각이 들었겠죠.이렇게 경제지표가 발표될 때까지만 해도 괜찮았는데요.ㄹ시장은 시계가 오후 2시를 가리키자 흔들렸습니다. 바로 12월 FOMC 회의 의사록이 공개된 시점입니다.연준위원들은 인플레이션이 2%로 내려오고 있다는 확신이 들기 전까지 높은 금리를 유지해야 한다는 의견을 나눴습니다. 일부 위원들은 기준금리 인상 속도를 늦추는 것이 피벗을 의미하는 것은 아니라고 강조하기도 했습니다.이들의 대화를 보면 연준은 높은 금리를 충분히 유지하지 않아 1970년대와 같은 위기를 맞이할 가능성, 너무 오래 유지해 경기침체를 유발할 가능성.이 2가지 시나리오 사이에서 고민에 빠져 있었는데요.인플레이션이 또 급등하는 위기를 맞이하는 것보다는 긴축 기조를 오래 유지하는 게 맞다는 쪽에 의견이 모인 것으로 보입니다.  이렇게 되면 올해 시장이 작은 희망을 가졌던 금리 인하는 없다고 보는 게 현실적인 것이죠. 로저 퍼거슨 전 미 연준 부의장의 ""시장이 틀렸다""는 말이 딱 들어맞죠?올해 금리 전망을 조금 더 정확하게 알기 위해서는 2월 FOMC 회의에서 발표될 점도표를 기다리셔야겠습니다.  이슈를 짚어봤으니, 섹터와 종목으로 들어가 보겠습니다. 먼저 S&amp;P 11개 섹터입니다.모두 다 올랐지만, 전장에 이어서 지난해 가장 많이 올랐던 에너지 섹터가 상대적으로 부진한 모습이고요. 부동산이 2% 넘게 올랐는데요.재량소비재도 1.4% 강세를 보인 것을 보면 시장이 수요일 장에서만큼은 경기침체를 심각하게 걱정하진 않을 것 같죠. 시총 상위 TOP5도 보시죠.전날 애플이 크게 하락하면서 시총 2조 달러대를 내줬었죠.오늘 새벽에는 1% 오르며 시총 2조 달러를 회복했습니다.마이크로소프트는 하락률이 4.37%로 컸는데요.오피스 프로그램과 애저 사업 리스크를 이유로 UBS가 투자 의견을 매수에서 중립으로 하향한 여파가 컸습니다. 전날 올랐던 알파벳과 아마존이 하락했습니다.수요일 장에서는 특징주가 많았습니다.먼저 GM입니다.제너럴 모터스가 판매 대수를 기준으로 일본 도요타 자동차를 제치고 미국 최대 자동차 업체 자리에 앉았습니다. GM의 미국 자동차 판매 대수는 전년 대비 2.5% 증가해 274만 대를 기록한 반면, 도요타의 판매 대수는 전년 대비 9.6% 급감하며 210만 대에 그쳤습니다. 제너럴 일렉트릭도 2.86% 상승했는데요.분사한 GE헬스케어 영향을 받았습니다.지난 2021년, GE는 항공 분야에 집중하기 위해 3개 사로 나누어질 것이라고 밝힌 바 있고, GE헬스케어가 첫 시작인데요. GE헬스케어는 시가총액이 32조 5천억 원에 달하는 의료분야 대기업입니다.현재 주가는 2022년 예상 이익의 10배 수준으로, 동종기업에 비해 저렴한 편이라는 평가입니다.한편 지난달 중국 정부는 내수 부양을 위해 민간 분야를 강조하며, 빅테크 지원에 강력한 신호를 보냈는데요.알리바바의 핀테크 계열사 앤트 그룹이 당국으로부터 자본조달 계획을 승인받으면서 신호에 그치지 않고 현실이 됐고, 중국 기업 주가 급등으로 이어졌습니다. 어제(4일) 중국의 빅테크가 대거 상장돼 있는 홍콩 증시는 이미 3.22% 뛰었습니다. 유럽 주요국 증시입니다.FTSE 지수를 제외하고 2% 이상 상승했습니다.독일에 이어 프랑스의 소비자 물가상승률도 전년 대비 둔화한 것으로 확인되면서 시장에 호재가 됐습니다. 하루 뒤늦게 출발한 FTSE 지수는 다른 시장보다 한 박자 늦는 모습이죠. 비트코인은 현재 오전 8시 기준 2,100만 원 선에 거래되고 있습니다.소폭 올랐지만 여전히 2,100만 원 박스권에 갇혀 있는데요.가상자산 시장에 올해 완연한 봄이 찾아올 것이란 분석이 있어서 가져와 봤습니다.하락장 다음에는 꼭 큰 반등이 있었는데요.블록체인, NFT 시장이 성장함에 따라 가상자산의 활용도가 늘어나 호재가 될 것이란 분석입니다. 국제유가는 5.32% 하락하면서 WTI가 배럴당 72달러 선에 거래를 마쳤습니다.
		",2023-01-05 08:17:01
"[더벨]창원에너텍 매각 나선 SG PE와 SKS PE, 미묘한 '온도 차' 이유는",2023.01.05,더벨,http://www.thebell.co.kr,,
"[코인시황] 비트코인 상승 1만6839달러, 도지코인 3%↑·이더리움 3%↑1253달...",2023.01.05,글로벌이코노믹,http://www.g-enews.com/,,
올해 비트코인 바닥 나온다?...낙관·비관론 혼재,2023.01.05,코인리더스,http://coinreaders.com,,
[08:15 가상자산] 美 나스닥 지수와 동반 상승세,2023.01.05,신아일보,http://www.shinailbo.co.kr/,,
삼성이 홈 스마트 기기를 보호하는 방법,2023.01.05,지디넷코리아언론사 선정,https://n.news.naver.com/mnews/article/092/0002278695?sid=105,"
삼성 '녹스 매트릭스', 올 하반기 출시 예정…향후 다른 제조사 기기도 연결 계획삼성전자가 '녹스 매트릭스(Knox Matrix)'를 발표하며, 이제 휴대폰 보호를 넘어 집 안에 있는 모든 스마트 기기를 보호할 것이라고 밝혔다.삼성전자는 자사 노트북, 공기 청정기, 청소기, 냉장고 등에 녹스 매트릭스를 적용하는 것으로 시작해 향후 다른 제조사의 기기까지 연결할 계획이다. 삼성전자는 비트코인 및 다른 암호화폐를 보호하는 것과 유사한 기술을 사용해 집에 프라이빗 블록체인을 구축함으로써 이를 가능하게 할 계획이다.



삼성 녹스 매트릭스. (사진=삼성 유튜브 갈무리)삼성전자 백신철 시큐리티 리더는 CES 2023에서 미국 지디넷과 인터뷰를 갖고 이와 같은 계획을 밝혔다. 미국 지디넷은 백신철 리더와의 인터뷰를 4일(현지시간) 보도했다. 백 리더는 삼성전자가 녹스 매트릭스를 어떤 방향으로 가져갈 계획이고, 왜 이런 야심찬 미션을 택했는지에 대해 설명했다.지디넷에 따르면 백 리더는 녹스 매트릭스는 세 가지 측면이 있다고 설명했다.첫 번째는 트러스트 체인(Trust Chain)이다. 가정의 프라이빗 블록체인이 네트워크를 만들어 집 안에 있는 특정 기기가 업데이트가 돼 있지 않아 보안에 취약하게 되면 이를 알려준다.두 번째는 자격증명 동기화(Credential Sync)다. 패스워드와 인증 정보가 믿을 수 있는 기기 간에 공유돼 보호된다. 이는 로그인을 더 원활하고 더 안전하게 만들어 준다.세 번째 특성은 크로스 플랫폼(Cross Platform)이다. 삼성전자는 SDK를 생성해 여러 플랫폼과 운영 체제의 기기가 공통의 보안 표준을 지원할 수 있게 한다.이런 특성들을 통해 삼성전자는 가정 내 기기들을 보호할 수 있게 되는 것이다.녹스 매트릭스는 올 하반기에 출시될 예정이다. 녹스 매트릭스는 향후에는 삼성 제품에 내장될 예정이며, 소프트웨어 업데이트를 통해 최신 기기에 지원될 계획이다.
",2023-01-05 08:24:01
"셀시우스, 계정 보유자 채무 증명 제출 기한 연장 신청",2023.01.05,토큰포스트,https://www.tokenpost.kr,,
"[토큰포스트 브리핑] FOMC 12월 회의록 ""2023년 금리 인하는 시기 상조"" 外",2023.01.05,토큰포스트,https://www.tokenpost.kr,,
"[시세브리핑] 암호화폐 시장 소폭 상승...이더리움 3%, 카르다노 5% ↑",2023.01.05,토큰포스트,https://www.tokenpost.kr,,
"리플, 가격 하락에도 투자자 관심 여전...""XRP 바이백, 불가능한 시나리오""",2023.01.05,코인리더스,http://coinreaders.com,,
"비트코인, 코인베이스 합의 소식 영향받나 '시세 상승세'",2023.01.05,딜라이트닷넷,http://www.delighti.co.kr/,,
"바이낸스, 비트코인 현물 거래량 점유율 독주...'92%'",2023.01.05,토큰포스트,https://www.tokenpost.kr,,
"코인베이스, 5천만 달러 벌금에도 주가 상승 '이유는'",2023.01.05,경향게임스,http://www.khgames.co.kr/,,
바이낸스 '비트코인' 거래 92% 점유...수수료 면제 정책 효과,2023.01.05,지디넷코리아,https://n.news.naver.com/mnews/article/092/0002278701?sid=105,"
경쟁사 몰락에도 점유율 상승 꾸준…""위기 닥칠 시 업계 전체 영향"" 우려도지난해 말 기준 세계 최대 가상자산 거래소 바이낸스에서 발생한 비트코인 거래량 비중이 92%까지 높아진 것으로 조사됐다.블록체인 전문 매체 코인데스크는 업계 정보 분석업체 아케인리서치의 조사 결과를 인용해 이같이 보도했다.이번 조사 결과는 지난해 12월28일 기준으로 나온 수치다. 1월1일 45%의 점유율을 기록했던 데 비해 두 배 가량 점유율이 높아졌다.바이낸스는 지난 7월 비트코인 현물 거래쌍 13개에 대해 거래 수수료를 면제하겠다고 발표한 바 있다. 아케인리서치는 바이낸스가 이 수수료 정책을 시행하면서 비트코인 현물 시장에서 시장 점유율이 급증했다고 분석했다.



출처=아케인리서치수수료 면제 정책이 적용되지 않는 파생상품 시장에서도 바이낸스가 압도적인 점유율을 보였다고 봤다. 아케인리서치는 바이낸스가 비트코인 파생상품 거래량과 탈중앙화 선물거래소 거래량의 60% 이상을 차지하고 있다고 적었다.바이낸스의 가상자산 거래 시장 점유율이 늘어나는 과정에서 경쟁사들은 인력의 상당수를 해고하거나, 파산에 이르렀다. 반면 바이낸스는 지난 1년 동안 직원 수를 두 배로 늘리는 등의 행보를 보였다.다른 업계 정보 분석 업체 크립토컴페어도 바이낸스의 전체 코인 거래 시장 점유율이 상승세를 그리면서 지난해 12월 기준 66.7%를 기록했다고 보고했다. 11개 거래소를 조사한 결과 매 분기 시장 점유율이 꾸준히 증가한 업체는 바이낸스와 바이비트뿐이었다고 발표했다.바이낸스는 최근 경쟁 거래소 FTX의 파산 이후 업계 전반에 불거진 재정 건전성 논란을 해소하기 위해 글로벌 회계법인 마자스로부터 준비금 감사를 받았다. 그러나 공개한 정보가 충분치 않아 업계에서 제기한 의문을 완전히 해소하지 못한 상태다. 미국 검찰이 자금 세탁 혐의로 바이낸스에 대한 조사도 검토 중인 상황이다.코인데스크는 바이낸스가 이용자의 불신이나 규제 등 어떤 문제에 직면할 경우 이런 높은 시장 점유율이 업계에 문제를 야기할 수 있다고 봤다.
",2023-01-05 08:43:01
"비트코인, 소폭 상승세… 1만6869달러 횡보",2023.01.05,머니S언론사 선정,https://n.news.naver.com/mnews/article/417/0000884100?sid=101,"




비트코인과 이더리움 등 암호화폐 시장 전반이 상승세를 보이고 있다./사진=이미지투데이 비트코인과 이더리움 등 암호화폐 시장 전반이 상승세를 보이고 있다.5일 오전 8시54분 현재 글로벌 코인시황 중계사이트인 코인마켓캡에서 비트코인(BTC)은 24시간 전보다 1.12% 오른 1만6869달러에 거래되고 있다.시가총액 2위 코인인 이더리움은 전거래일보다 3.42% 오른 1256달러에 거래되고 있다.같은 시간 국내 가상자산 거래소 업비트에서 비트코인은 1.21% 오른 2160만원이다. 이더리움은 3.63% 오른 161만원에 거래 중이다.시총 5위 바이낸스 코인(BNB)은 5.11% 오른 258달러였다. 업비트에서는 BNB 원화 거래가 지원되지 않는다.한편 같은 시각 빗썸에서 비트코인은 전일 종가 보다 0.32% 오른 2158만원에 거래되고 있다. 이더리움은 0.56% 오른 160만원이다.
",2023-01-05 08:57:35
[가상화폐 시황] 이더리움·도지코인 3%대 상승…'박스권' 비트코인도 1%↑,2023.01.05,데일리한국,http://daily.hankooki.com,,
美 규제당국과 1억달러에 합의한 코인베이스 주가 볕드나,2023.01.05,파이낸셜뉴스,https://n.news.naver.com/mnews/article/014/0004951628?sid=101,"




[로이터 연합뉴스 자료사진. 재판매 및 DB 금지]  [파이낸셜뉴스] 미국 가상자산 거래소 코인베이스 주가가 4일(현지시간) 12% 넘게 급등했다. 미 규제당국에 1억달러를 내고 금융 거래 규정 위반 건을 마무리하기로 했다는 소식이 호재로 작용했다.   뉴욕증권거래소에 따르면 이날 코인베이스 주가는 전거래일 대비 4.10달러(12.20%) 오른 37.70달러에 거래를 마쳤다.   뉴욕주 금융규제 당국과 코인베이스는 이날 금융 거래 규정 위반 관련 합의문을 발표했다. 합의문에 따르면 코인베이스는 거래 규정 위반에 따라 5000만달러 벌금을 우선 내고, 사내 준법 경영 프로그램을 강화하기 위해 추가로 5000만달러를 지출하기로 했다.   그동안 뉴욕주 금융서비스부는 코인베이스가 자금 세탁을 비롯해 불법 행위와 연관된 고객이나 의심 거래를 걸러내는 데 실패했다며 조사를 진행해왔다.   한편 코인베이스는 지난 2021년 4월 뉴욕증권거래소에 상장하면서 최초의 가상자산 상장사가 댔다. 당시 비트코인이 6만3000달러에 거래되는 강세장에 힘입어 상장 첫날 코인베이스는 나스닥이 책정한 준거가격인 250달러보다 52% 높은 381달러에 시초가를 형성했다.   그러나 지난해 테라 루나 사태, FTX 파산, 미 연방준비제도(연준)의 공격적인 통화긴축 정책 등으로 가상자산 시장이 급락하자 코인베이스 주가 역시 크게 하락했다. 이날 코인베이스 종가는 상장 당시보다 88.98% 하락한 수준이다.
		",2023-01-05 09:20:03
"비트코인 2100만 원대 방어, 바이낸스 비트코인 점유율 90% 넘어",2023.01.05,비즈니스포스트,http://www.businesspost.co.kr/,,
1월 5일 디지털자산 주요뉴스,2023.01.05,NBNTV,https://www.nbntv.kr/,,
"[코인 시황] 비트코인, 美증시 따라 소폭 상승",2023.01.05,뉴스핌,http://www.newspim.com,,
"비트코인, 나스닥 따라 소폭 상승…이더리움은 3% 올라",2023.01.05,뉴시스언론사 선정,https://n.news.naver.com/mnews/article/003/0011627836?sid=101,"
기사내용 요약이더리움, 2주 만에 160만원대 돌파비트코인, 1.07% 오른 2159만원



[서울=뉴시스]이지영 기자 = 기술주 중심의 나스닥 지수가 FOMC 악재에도 상승하면서 주요 가상자산들도 소폭 올랐다. 특히 이더리움이 3% 넘게 올라 2주 만에 160만원대를 돌파했다.5일 오전 8시40분 기준 국내 가상자산(가상화폐) 거래소 빗썸에서 비트코인은 24시간 전보다 0.30% 오른 2158만4000원을 기록했다. 같은 시간 업비트에서는 1.07% 오른 2159만3000원에 거래됐다. 가상자산 시황 중계 사이트 코인마켓캡에서는 24시간 전보다 1.10% 오른 1만6863달러를 나타냈다.이더리움은 160만원대를 돌파했다. 같은 시각 이더리움은 빗썸에서 0.56% 상승한 160만9000원에, 업비트에서 3.57% 상승한 161만원에 거래됐다. 코인마켓캡에서는 3.43% 오른 1256달러를 기록했다. 이더리움은 비트코인을 제외한 나머지 대체 가상자산인 알트코인(얼터너티브 코인) 중 시가총액이 두 번째로 크다.이 가운데 주기영 크립토퀀트 대표는 올해 가상자산 시장 역시 위축된 수준을 이어갈 것이라고 내다봤다. 그는 한 매체와 인터뷰에서 ""고금리의 시대라 투자 심리가 다시 돌아온다거나 하는 일은 없을 것 같다""며 ""올해도 전고점을 뚫기 힘들고, 아무리 빨라도 연말은 돼야 상승장을 볼 수 있을 것이다. 보수적으로 2~3년후까지도 보고있다""고 전망했다.이날 뉴욕증시는 미국 연방공개시장위원회(FOMC) 정례회의 의사록에 대한 경계 속에 소폭 상승했다. 다우지수는 0.40%, S&amp;P500지수는 0.75% 각각 올랐다. 가상자산 시장과 밀접하게 연동되는 것으로 알려진 나스닥은 0.69% 뛰었다. 이날 발표된 12월 의사록에 따르면 연방준비제도(연준·Fed)은 당분간 인플레이션을 2% 목표치로 되돌리기 위해 제약적인 정책을 유지할 필요가 있다는 점을 재확인했다.한편 글로벌 가상자산 데이터 조사 업체 얼터너티브(Alternative)에서 집계하는 '공포·탐욕 지수'는 이날 29점을 기록하며 '공포(Fear)' 수준을 나타냈다. 전날(29·공포)과 동일한 수치다. 해당 지수는 0으로 갈수록 시장 심리가 극단적 공포에 가까움을 나타내며 100에 가까울수록 극단적 낙관을 의미한다．
",2023-01-05 09:25:58
"코스피, 0.70% 상승 출발…매파 연준에도 저가 매수세",2023.01.05,연합인포맥스,http://www.einfomax.com,,
[오늘의 코인] 뉴욕증시 상승에 함께 상승하는 시장,2023.01.05,스포츠서울,https://n.news.naver.com/mnews/article/468/0000912352?sid=101,"




 사진|연합뉴스[스포츠서울 | 홍성효기자] 뉴욕증시가 상승하며 암호화폐 시장도 함께 상승세를 보이고 있다.5일 국내 암호화폐 거래소 빗썸에 따르면 오전 9시30분 기준 비트코인은 2160만7000원으로 24시간 전보다 0.95% 상승했다. 또 알트코인 대장주인 이더리움은 3.34% 상승한 161만1000원에 거래 중이다.뉴욕증시는 미국 연방공개시장위원회(FOMC) 정례회의 의사록에 대한 경계 속에 소폭 상승했다. 4일(현지시간) 뉴욕증권거래소(NYSE)에서 다우존스 30 산업평균지수는 전장보다 133.4포인트(0.4%) 오른 33,269.77로 거래를 마쳤다. S&amp;P500지수는 전장보다 28.83포인트(0.75%) 상승한 3852.97로, 나스닥지수는 71.78포인트(0.69%) 뛴 10,458.76으로 마감했다.두나무의 공포·탐욕 지수에 따르면 5일 암호화폐 시장의 심리지수는 46.82로 ‘중립’ 단계다. 공포·탐욕지수는 업비트 원화시장에 2021년 2월 이전 상장한 111개의 디지털 자산에 대한 지수다. 24시간 동안의 데이터를 수집해 5분마다 계산하고 데이터 일별 리셋은 오전 9시에 진행된다. 0으로 갈수록 매우 공포로 시장 위축을, 100으로 갈수록 매우 탐욕으로 시장 호황을 의미한다.shhong0820@sportsseoul.com
",2023-01-05 09:34:01
[코인시황] 비트코인·이더리움 나란히 상승…경제 수축 신호 영향,2023.01.05,코인데스크코리아,https://www.coindeskkorea.com/,,
"비트코인, 미국 증시와 동반 상승…이더리움클래식 급등",2023.01.05,디지털투데이,http://www.digitaltoday.co.kr/,,
"비트코인 투심 회복 언제쯤...블랙록 산하 펀드, 포트폴리오에 BTC 추가 '호재...",2023.01.05,코인리더스,http://coinreaders.com,,
딜링룸 24시…챙겨봐야 할 국제경제뉴스,2023.01.05,연합인포맥스,http://www.einfomax.com,,
"블랙스완 저자 ""비트코인, '탈중앙화 통화·가치 저장소' 목표 달성 실패""",2023.01.05,코인리더스,http://coinreaders.com,,
"[Bit코인] 이더리움클래식, 업데이트 소식에 급등…“연내 BTC 약세장 끝난다...",2023.01.05,이투데이,http://www.etoday.co.kr,,
"'부자아빠' 기요사키 ""비트코인 추가 매수중...알트코인 대부분 사라질것""",2023.01.05,한국경제TV언론사 선정,https://n.news.naver.com/mnews/article/215/0001075628?sid=101,"




사진: 로버트 기요사키(Robert Kiyosaki)세계적인 베스트셀러 '부자 아빠 가난한 아빠'의 저자 로버트 기요사키(Robert Kiyosaki)가 비트코인 강세론을 유지했다.4일(현지시간) 암호화폐 전문지 크립토뉴스에 따르면 기요사키는 ""비트코인을 제외한 대부분의 알트코인이 사라지게 될 것""이라며 ""비트코인을 여전히 매수하고 있다""고 전했다.이날 로버트 기요사키는 자신의 트위터를 통해 비트코인은 다른 알트코인과 성격이 애초에 다르다고 강조했다.그는 ""비트코인을 믿는 이유는 비트코인이 금, 은, 석유 같은 상품(Commodity)으로 분류되기 때문""이라며 ""비트코인을 제외한 대부분의 암호화폐들은 증권으로 분류되기 때문에 앞으로 미국 증권거래위원회(SEC)의 규제로 모두 사라지게 될 것""이라고 밝혔다. 때문에 ""비트코인만 생각하면 아직도 흥분된다""며 비트코인 추가 매수 이유를 설명했다.실제로 크립토뉴스에 따르면 미국 SEC를 이끌고 있는 게리 겐슬러(Gary Gensler) 의장 역시 지난 6월 비트코인이 상품으로 취급되어야 한다고 밝힌 바 있다. 또한 지난 10월에도 비트코인을 제외한 대부분의 알트코인을 상품이 아닌 증권으로 분류해 규제를 강화해야 한다고 전한 바 있다.비트코인 강세론자로 알려진 로버트 기요사키는 지난해 수차례 비트코인 매수를 강조한 바 있다. FTX 파산 사태 이후 비트코인 비관론이 확산하던 시기에도 기요사키는 FTX 사태가 암호화폐 산업 전반을 대표하지는 않는다면서, 연준이 1월에 통화정책 '피벗(Pivot·전환)'에 나설 경우 달러 가치는 떨어지고 비트코인, 금, 은 가격은 오르게 될 것으로 전망했다.또한 지난 30일(현지시간)에는 ""1,800달러에서 거래되고 있는 금 가격이 2023년에는 3,800달러까지 급등하고, 24달러에서 거래되고 있는 은 가격이 75달러까지 치솟을 것""이라며 ""금과 은을 매수할 수 있는 마지막 기회가 찾아왔다""고 설명했다.이날 비트코인 가격은 오전 9시 30분(한국시간) 코인데스크 기준 전일 대비 1.17% 오른 16,682.92달러에 거래되고 있다.(사진=크립토뉴스)
",2023-01-05 10:17:54
[크립토 브리핑] 제자리걸음하는 비트코인...라인 '링크'는 8% 껑충,2023.01.05,테크M,http://techm.kr,,
"매파적 FOMC 의사록 공개…비트코인, 반등 동력 잃어",2023.01.05,이데일리,https://n.news.naver.com/mnews/article/018/0005400610?sid=105,"
12월 FOMC 의사록서 매파 연준 재확인비트코인, 1만7000달러 돌파 앞두고 상승세 꺾여오는 6일 미국 고용보고서 주목[이데일리 임유경 기자] 비트코인이 모처럼 반등을 모색지만, 매파적(통화 긴출 선호)인 미국 공개시장위원회(FOMC) 의사록 공개되면서 다시 발목을 잡혔다.5일 가상자산 시황 사이트 코인마켓캡에 따르면 이날(오전 9시 기준) 비트코인 시세는 24시간 전 대비 1.14% 상승한 1만6862달러를 기록했다. 비트코인에 이어 두 번째로 시가총액이 큰 이더리움은 3.48% 오른 1255달러에 거래 중이다. 도지코인, 카르다노, 폴리곤 등 시총 상위권 내 주요 코인들도 4~6%씩 올랐다. 전체 가상자산 시총 규모는 2% 늘어 8215억 달러를 기록했다.20일 넘게 1만6000달러 중반에 갇혀 있는 비트코인은 이날 새벽 3시 1만6960달러까지 올라 모처럼 반등에 성공하는 듯 싶었지만 ‘매파’ 연방준비제도(연준/Fed)에 발목이 잡혀 상승 모멘텀을 잃었다.



연준은 4일(현지시간) 공개한 지난달 FOMC 정례회의 의사록에서 올해도 긴축 기조를 이어갈 것이란 의지를 분명히 했다. FOMC위원들은 의사록에서 “경제 지표가 인플레이션이 2%로 지속적으로 하락하는 경로에 있다는 확신이 들 때까지 제한적인 정책을 유지할 필요가 있다”며 “이는 시간이 걸릴 것”이라고 밝혔다. 이제 관심은 오는 6일 예정된 지난해 12월 미국 고용보고서에 쏠린다. 인플레이션이 연준 목표 대로 2%까지 내려가려면 서비스 물가가 잡혀야 하는데, 이는 임금상승세와 밀접한 연관이 있다. 따라서, 노동 시장이 식지 않으면 연준이 매파적 기조를 바꾸지 않을 것이란 전망이 높다.뱅크오브아메리카(BoA) 이코노미스트들은 최근 메모에서 “미국의 최종금리 수준은 인플레이션 결과보다 노동 시장의 상태, 특히 고용 증가세와 임금과 더 관련이 있다”고 짚었다. 또 “연준은 지속적인 노동 시장의 불균형으로 인해 근원적인 인플레이션이 여전히 고질적이라고 본다”며 ‘인플레이션을 낮추기 위해 노동 시장의 침체 위험을 감수할 용의가 있다“고 봤다.
",2023-01-05 10:24:01
바이낸스 작년 4분기 암호화폐 시장 점유율 66.7%,2023.01.05,코인데스크코리아,https://www.coindeskkorea.com/,,
불확실성 올라탄 '금'..대체자산 매력 부각,2023.01.05,공공뉴스,http://www.00news.co.kr,,
"FOMC 악재? 비트코인↑ 2158만원...솔라나 1만 6990원, 크레딧코인 658원, 도...",2023.01.05,핀포인트뉴스,http://www.pinpointnews.co.kr,,
"삼성, 녹스 매트릭스로 스마트폰·가전 ""철통 보안""",2023.01.05,글로벌이코노믹,http://www.g-enews.com/,,
"[가상화폐 시세] 비트코인 2100만원선 유지…도지코인 93원선, 이더리움 160만...",2023.01.05,이코노뉴스,http://www.econonews.co.kr/,,
"[오전브리핑] 코어사이언티픽, SEC vs 리플, GMX 피싱 공격, 바이낸스",2023.01.05,코인데스크코리아,https://www.coindeskkorea.com/,,
"리플 가격 약세 ""투자자들 여전히 관심 많은 코인""",2023.01.05,국제뉴스,http://www.gukjenews.com/,,
"가상화폐 시세 중장기 전망 긍정적, 번스타인 “투자자산 이외 활용성 주목”",2023.01.05,비즈니스포스트,http://www.businesspost.co.kr/,,
"이란 법원, 정부가 압수한 가상화폐 채굴장비 주인에게 반환 판결",2023.01.05,경향게임스,http://www.khgames.co.kr/,,
[기고] 테크놀로지가 바꾼 세상,2023.01.05,미주중앙일보,http://koreadaily.com,,
증권사 새 먹거리...증권형 토큰 제도권 진입 눈앞,2023.01.05,매일경제,https://n.news.naver.com/mnews/article/009/0005070401?sid=101,"
1월 금융혁신회의서 가이드라인 발표다른 디지털자산보다 위험 요소 낮아다양한 투자자 보호장치도 마련 예정KB·한투·신한·키움 등 사업 ‘잰걸음’‘증권형 토큰(STO)’의 제도권 진입이 이달 기점으로 가시화될 전망이다. 증권업계도 이에 발맞춰 사업 진출의 채비를 갖춘 상태다.5일 금융당국과 금융투자업계에 따르면, 1월에 열릴 예정인 제 6차 금융규제혁신회의를 통해  증권형 토큰에 대한 가이드라인이 발표된다. 국회 디지털자산기본법에 대해 국회가 좀처럼 속도를 내지 못하자, 금융위가 일단 자체적인 별도 가이드라인을 공개해 사업자에게 안내하겠다는 목적에서다. 지난해 금융위는 뮤직카우 등 ‘조각투자 플랫폼’에 대해 지난 4월 가이드라인을 내놓고, 사업자들의 사업 영위에 대한 방향을 제시한 바 있다.증권형 토큰은 블록체인 기술을 활용해 토큰 형태로 발행한 증권을 말한다. 비트코인과 이더리움 등 일반적인 가상자산과 달리 블록체인을 활용해 발행 및 유통하는 증권이기 때문에 자본시장법을 준수해야 한다. 부동산, 미술품, 주식 등 다양한 자산을 분할 소유(조각투자)할 수 있다는 점에서 투자자의 진입장벽을 낮춰주는 역할을 한다. 실물 가치에 근거하기 때문에 다른 디지털 자산보다 리스크가 낮다는 점도 특징이다.최근 국내외 가상자산 시장에서 잇따라 사건·사고가 불거지고 있는데, 이 때문에 시장에선 증권형 토큰 가이드라인에 대해 촉각을 곤두세우고 있다. 가이드라인에 따라 제도권 편입이 가능해지기 때문이다. 제도권 편입은 다양한 투자자 보호장치가 적용된다는 것을 의미하기도 한다. 김주현 금융위원장은 올해 신년사를 통해 “금융 생태계를 완전히 바꾸고 있는 디지털금융과 관련된 금융회사들의 리스크관리 역량을 강화하도록 하겠다”며 “조각 투자·증권형 토큰 등 새로운 투자수단과 시장이 건전하게 발전할 수 있도록 규율체계도 정비하겠다”고 밝힌 바 있다.유관기관들도 잰걸음을 걷고 있다. 한국거래소는 증권형 토큰을 거래하는 디지털증권시장을 열기로 했다. 증권사와 함께 대체거래소(ATS) 설립을 준비 중인 금융투자협회 역시 ATS에서 STO 거래를 다룰지 검토를 하고 있다.이는 최근 증권사들이 신규 먹거리로 ‘증권형 토큰’을 점찍어둔 분위기가 한몫하고 있다. KB증권이 가장 구체적으로 계획을 마련해둔 상태인데, 플랫폼 개발이 진행 중이며 블록체인 연동 여부 등 핵심기능 시험 수행도 완료했다. KB증권 측은 당국의 가이드라인 공개에 맞춰 올해 상반기 해당 플랫폼을 공개하겠다고 공표한 상태다.한국투자증권은 어떤 기초자산이든 토큰화할 수 있는 플랫폼 구축을 추진하고 있다. 업비트 운영사인 두나무의 계열사이자 블록체인 전문 기업인 람다256과 협업 중이며, STO 플랫폼 사업을 추진하기 위한 기능 검증(PoC)에 착수했다.신한투자증권도 블록체인 컨설팅을 지원하는 람다256과 제휴를 맺고 STO 플랫폼 사업을 추진 중이다. ▲블록체인 인프라 구축 ▲디지털 지갑 설계 ▲토큰 발행·청약·유통 ▲기존 금융시스템과 연동 등 증권형 토큰 관련 기술을 내재화할 계획이다. 키움증권은 부동산 유동화 수익증권을 디지털 증권으로 발행하는 플랫폼인 펀블과 디지털 부동산 수익증권 관련 협업을 진행하고 있다.
",2023-01-05 11:58:01
"스위스 루가노, 비트코인만으로 결제·생활 가능",2023.01.05,글로벌이코노믹,http://www.g-enews.com/,,
이더인디아(ETHIndia) 2022 : 웹3 인프라의 파워하우스가 되어가는 인도 [2편...,2023.01.05,한국경제,https://n.news.naver.com/mnews/article/015/0004796155?sid=105,"
이탁근 해시드이머전트 대표, 박종호 해시드 리서치 애널리스트 공동기고11월 말, 방갈로르에서 10일 여간 열린 인도 블록체인 위크(India Blockchain Week)에 해시드(대표 김서준)와 해시드의 인도 투자조직 해시드 이머전트 멤버들이 함께하며 인도 암호화폐 시장의 열기를 몸소 느끼고 왔습니다. 이번 블록체인 위크의 하이라이트는 2천 명 이상의 개발자들이 참여한 블록체인 해커톤 ETHIndia였습니다.



사진=DevfolioETHIndia에서 암호화폐 지갑 프로젝트, 탈중앙화 결제 시스템, 영지식(Zero-Knowledge) 기반 솔루션, NFT 인프라 프로젝트, 소셜 애플리케이션 등 다양한 분야의 400여개가 넘는 프로젝트를 만나볼 수 있었습니다. 이번 기고문에서는 전편에 이어 ETHIndia에서 확인할 수 있었던 블록체인 해커톤 트렌드의 현주소를 짚어봅니다.  영지식 증명 트렌드영지식 증명의 트렌드, 아이덴티티 주권이 이끌었다영지식 증명(ZKP: Zero-Knowledge Proof)은 요즘 블록체인에서 가장 뜨거운 화두인 프라이버시와 확장성에 적합한 솔루션입니다. 다만 지금까지는 ZKP 상용화 관련 진전이 더딘 편이었으나 올해 들어 이더리움 레이어 2 스케일링 솔루션, 프라이버시 레이어 1 플랫폼 등을 통해 점차 구체화되는 중입니다.ETHIndia에서 등장한 ZKP 프로젝트는 미들웨어나 애플리케이션 레벨에서 적용 가능한 프로덕트가 주를 이뤘습니다. 익명으로 안전하게 각종 온라인 서비스를 이용할 수 있게 도와주는 Knowallet부터 개인정보에 대한 공개 여부를 유저가 설정할 수 있도록 도와주는 hideme lol, 민감한 의료 정보의 프라이버시를 보장하는 MeData와 프라이버시 기반 탈중앙 검색 프로토콜 Kleio에 이르기까지 많은 영지식 증명 기반 프로젝트들이 데이터 주권과 개인 정보 보호 분야에서 잠재력을 보여주었습니다.영지식 증명을 통해 인터넷 기반 가상 조직의 미래를 상상하다블록체인은 인터넷 기반 커뮤니티와 조직의 가능성을 열어주지만, 가상 조직의 이상을 완벽하게 구현하기에는 지금까지 현실적으로 어려움이 있었습니다. 이러한 상황에서 프라이버시를 제공하는 ZKP의 상용화는 본격적인 가상 조직의 시대를 열어가는 열쇠가 될 수 있습니다. 이번 해커톤을 통해 영지식 증명을 활용하여 채용 과정부터 성과 측정, 그리고 급여 지급에 이르기까지 다양한 분야에서 혁신을 일으킬 수 있는 잠재력을 확인했습니다.ZKJob과 ZK Lancers는 영지식 기술로 각각 웹3의 LinkedIn과 영지식 기술 기반의 탈중앙화 프리랜서 플랫폼을 구축하였고, SigmaZK는 영지식 증명을 활용해 업무 기여분을 측정할 수 있는 시스템을 선보였습니다. 한편 zkPayroll과 Tsunami는 급여 시스템에 영지식 기술을 활용한 프라이버시 기능을 탑재한 프로젝트로, 고용주가 직원들의 급여와 복리후생을 보다 안전하게 관리할 수 있도록 도와줍니다.  NFT 트렌드지속되는 내러티브: 깔끔한 UX와 NFT의 유틸리티에 대한 다양한 실험유저 온보딩이 NFT 시장 성장의 열쇠가 됨에 따라 유저들에게 단순하고 직관적인 인터페이스를 제공하려는 시도가 부쩍 많아졌습니다. 특히 컨슈머 프로덕트를 겨냥한 탈중앙화 애플리케이션의 경우 이제 유저 온보딩 흐름은 기존 애플리케이션과 유사하거나 더 뛰어나게 설계하려는 쪽으로 가고 있습니다.사용자경험 개선은 앞서 살펴본 지갑의 트렌드와 매우 관련이 깊습니다. Web3Auth와 같은 소셜 로그인과 SSO(Single Sign-On)에 대한 관심도가 높아지며 유저들이 새 계정을 만들지 않고 기존 계정으로 로그인할 수 있게끔 하는 애플리케이션이 많아지고 있습니다. 온램프와 오프램프 기능을 NFT 서비스와 엮는 일도 한창인데, 이를 통해 암호화폐에 익숙치 않은 유저들은 카드 등을 이용하여 기존 화폐로 NFT를 구매할 수 있게 됩니다. 이러한 흐름은 언급할 수도 없이 많은 프로젝트에서 나타났습니다.NFT를 수집가치 그 이상의 유틸리티를 자산으로 사용하는 데 초점을 맞춘 프로젝트도 여럿 있었습니다. Uzumeta, ZaPP, 그리고 MetaBorrow와 같은 NFT 대출 프로토콜은 유저가 자신의 유휴 NFT를 다른 유저에게 빌려줌으로써 추가 수익을 얻을 수 있게 해주고, OwnAd는 NFT를 빌보드로 활용하는 툴을 제공합니다.이벤트 티켓, 로열티 프로그램… NFT의 사용처에 대한 재고최근 들어 수집형 NFT와 게이밍 NFT를 벗어난 다른 분야에서도 NFT를 활용하려는 움직임이 활발히 나타나고 있습니다. 특히나 이번 해커톤에서 가장 두드러졌던 방안은 NFT를 오프라인 이벤트 티켓이나 고객 충성도의 촉매로 활용하는 것입니다. EventX와 Nftfy는 오프라인 행사를 위해 슈퍼앱 제품을 고안하였고, TickEth는 티켓의 악의적인 스켈핑 활동을 막기 위해 티켓을 토큰화하여 관리하는 솔루션을 공개했습니다.NFT는 또한 브랜드가 고객 충성도를 보상하고 참여도를 높이는 데에 기여하는 매개체로도 사용되고 있습니다. 예시로 스타벅스는 로열티 프로그램인 Odysseys는 사용자에게 NFT를 통해 각종 할인과 배타적인 경험을 제공합니다. ETHIndia의 Beyond Club 팀 또한 충성스러운 고객들에게 독점적인 보상, 이벤트 접근 및 기타 혜택을 제공하기 위해 NFT를 활용할 수 있는 노코드 로열티 프로그램을 공개했습니다.Dynamic NFT, 다음 세대 NFT의 키워드가 될 수 있을까현실 세계에서의 자산은 때에 따라 그 특성이나 성질이 바뀌기도 하지만, NFT는 많은 경우 그렇지 못합니다. 이러한 상황에서 dNFT(Dynamic NFT)는 NFT의 진화의 다음 키워드로 언급되고 있습니다. dNFT는 외부 이벤트와 데이터에 대응하여 적응하고 변화할 수 있다는 특징을 가지고, 스마트 컨트랙트가 이러한 변경사항을 관리합니다. dNFT는 ERC-1155 토큰 표준을 사용하여 이더리움에 구축되어 있으며, 다른 블록체인에서도 유사한 토큰이 개발 단계에 있습니다.dNFT는 실물자산 토큰화, 비디오 게임 등 다양한 활용 사례에 걸쳐 사용될 수 있습니다. ETHIndia 해커톤에서도 스포츠 대회 중심의 프레딕션 마켓 PredictNow, 크로스체인 게임 MultiMon, 구독 멤버십 플랫폼 Web3TV과 로열티 프로그램 Crown Collectibles에 이르기까지 많은 프로젝트들이 dNFT를 활용한 프로덕트를 런칭했습니다. dNFT의 도입은 NFT의 세계에 새로운 유틸리티를 부여하는 계기가 될 수 있을지도모릅니다.  소셜 트렌드주류로 굳건히 자리잡기 시작한 소셜 프로토콜지금까지 출시된 주요 블록체인 소셜 플랫폼들은 데이터 침해, 여론 조작, 허위 정보 유포 등의 문제를 해결하는 것을 목표로 하지만, 조악한 사용자 경험 등으로 인해 아직은 걸음마 단계입니다. 그러나 그간 탈중앙화 금융, NFT 등의 해커톤 수상 프로젝트 증가 추세가 해당 섹터의 마켓 성장보다 선행한 기록이 있다는 점을 고려할 때, 탈중앙 소셜 프로젝트들이 해커톤에서 최근 1년간 증가 추세를 보이고 있다는 점은 분명 주목할 만합니다.다수의 ETHIndia 소셜 프로젝트들이 이용한 렌즈 프로토콜의 소셜 그래프는 NFT를 사용하여 소셜 미디어의 기능을 강화하는 특징을 가집니다. 렌즈 프로토콜에서 유저 프로필, 팔로워, 게시물, 댓글, 공유, 좋아요 등은 모두 플랫폼에서 NFT로 표현되며 유저가 소유하게 됩니다. 이번 해커톤에서는 렌즈 위에서 구동되는 틱톡 LensTok, 개인이 좋아하는 크리에이터에게 투자할 수 있는 CreatorsLane, 렌즈의 소셜 그래프를 통해 저장된 유저 데이터를 보다 편리하게 관리할 수 있는 Lens Dashboard 등이 수상을 했습니다.물론 소셜 섹터 중에서는 렌즈 생태계 밖의 프로젝트도 있었습니다. 가장 눈에 띄는 분야는 언론의 자유를 타겟팅한 프로젝트들이었는데, Liria, DaCRJ와 같이 영지식 증명을 통해 검열 저항성을 가진 저널리즘을 위한 팀들이 대표적이었습니다.  인상적이었던 ETHIndia 2022, 그리고 해시드 이머전트 이니셔티브



사진=Devfolio인도 블록체인 위크와 ETHIndia는 인도의 크립토 마니아와 개발자들의 상상 이상으로 뜨거운 열기를 체감하는 좋은 기회가 되었습니다. 또한 인도 소프트웨어 산업의 잠재력을 바로알게 되었습니다. 인도는 지금까지 SI 비즈니스로 대표되는 아웃소싱에 강한 나라라는 인식이 강했으나, 이번 행사를 통해 인도가 다양한 아이디어를 통해 웹3 인프라 강국이 되는 미래를 그려보았습니다.또한 해시드 이머전트 설립을 통해 인도의 Web3 시장에 적극적으로 투자를 시작한 이니셔티브에 자신감을 얻을 수 있었습니다. 인도의 젊은 인구는 블록체인 기술의 수요와 공급 모두에 확실한 우위를 가져오고 있습니다. 또한 이제 막 첨단 인프라를 도입하기 시작한 인도에서 블록체인은 중요한 기반 중 하나로 자리매김할 수 있을 것으로 생각됩니다. 한편, 인프라에 강점을 둔 인도의 Web3 산업이 게임과 엔터테인먼트 등 컨텐츠와 IP 기반 어플리케이션에 강점을 가진 한국의 Web3 산업과 상호 보완적인 시너지가 크게 만들어질 수 있겠다는 상상도 하게 되었습니다.해시드 이머전트는 해시드가 2021년말 설립한 인도 및 신흥시장 스타트업 투자 전담 조직으로 싱가포르, 방갈로르, 두바이에 기반을 두고 있으며 2022년 싱가포르에 초기 펀드를 결성하여 지금까지 블록체인 기술을 활용하는 20여개 이상의 극초기 스타트업에 투자하고 있습니다.&lt;블록체인·가상자산(코인) 투자 정보 플랫폼(앱) '블루밍비트'에서 더 많은 소식을 받아보실 수 있습니다&gt;
",2023-01-05 12:10:01
금주 알트코인 랠리에 소셜미디어 '매수' 등 긍정적 단어 언급 급증,2023.01.05,코인리더스,http://coinreaders.com,,
"FOMC 회의록과 비트코인, 바이낸스의 고팍스 인수 소식이 궁금하다면?···코...",2023.01.05,디센터,http://decenter.kr,,
"비트코인, 악재 속 약진할까",2023.01.05,IT조선,http://it.chosun.com/,,
"美 금융당국, 돈세탁 방치한 코인베이스에 벌금 1200억원 부과",2023.01.05,NBNTV,https://www.nbntv.kr/,,
올해 금 '반짝반짝'...침체 속 안전자산 가치 주목,2023.01.05,뉴스핌,http://www.newspim.com,,
"나폴리 후원하는 두나무 업비트, 칠리즈 팬토큰 대거 상장...이벤트도 풍성",2023.01.05,테크M,http://techm.kr,,
"[점심 브리핑] 파나틱스, 갤럭시디지털에 캔디디지털 지분 60% 매각",2023.01.05,디센터,http://decenter.kr,,
[코인 빅데이터] 이더리움 경쟁자...카르다노(ADA) vs 솔라나(SOL) 트렌드,2023.01.05,코인리더스,http://coinreaders.com,,
지난해 가상화폐 시장 유입 자금 2018년 이후 최저치 기록,2023.01.05,경향게임스,http://www.khgames.co.kr/,,
"국내 가상자산 거래소 '프로비트', '올페이코인(APCG)' BTC 마켓 상장",2023.01.05,디스커버리뉴스,http://www.tourtimes.net,,
美투자전략가의 새해 예측…베이조스의 아마존 복귀·비트코인 100% 상승,2023.01.05,이데일리,https://n.news.naver.com/mnews/article/018/0005400895?sid=101,"
`투자대가들의 위대한 오답 노트` 저자 마이클 배트닉기술기업들의 구조조정·IPO시장 침체 지속 가능성금 가격 역사적 신고가 경신 전망채권·코인·주식 등 반등 가능성...주택가격 폭락은 없을 것[이데일리 유재희 기자] “높은 멀티플과 높은 인플레이션, 공급망 문제, 연방준비제도(Fed)의 금리 인상 등으로 2022년 증시는 15% 이상 하락할 것이다.”지난 2021년 말 이런 예측을 내놓았던 미국 투자자문사 리트홀츠 웰스매니지먼트의 마이클 배트닉(‘투자 대가들의 위대한 오답 노트’ 저자) 투자 전략가는 2023년에 대한 10가지 예측을 내놓아 투자자들의 눈길을 끌고 있다. 이 안에는 채권, 코인, 금, 주택, 주식시장까지 총 망라돼 있다.4일 미국의 경제전문매체 마켓워치에 따르면 마이클 배트닉은 2023년 예측에서 포트폴리오 다각화 측면에서 채권을 보유해야 한다고 제시했다. 지난해에는 주식과 채권 모두 폭락했지만 미국 채권은 역사적으로 주식이 폭락했을 때 좋은 성과를 거두었으며 올해 채권 시장에서 좋은 소식을 기대할 수 있다는 전망이다. 작년과 같은 금리의 가파른 상승세가 내년까지 이어질 가능성은 낮다는 판단에서다.아울러 금은 사상 최고가를 경신할 것이고, 비트코인은 100% 상승할 것으로 내다봤다. 주택 가격은 다소 떨어지겠지만 폭락하지는 않을 것으로 예상했다.  증시 이슈로는 국제주식(ACWX, 미국제외 세계 주식)이 미국 주식(S&amp;P500)보다 높은 수익률을 기록하고 가치주가 성장주 수익을 능가할 것이며, 에너지주는 계속해서 시장수익률을 웃돌 것으로 예측했다. IPO(기업공개) 시장의 침체는 올해에도 이어질 것으로 봤다.



산업·기업 이슈로는 베이조스 전 아마존 CEO가 올해 경영 일선에 복귀할 가능성이 있다고 예측했다. 밥 아이거가 월트디즈니 CEO 자리에서 물러난 지 2년9개월 만에 다시 복귀한 것과 비슷한 맥락이다. 베이조스는 아마존 창업자로 세계 최대 전자상거래 업체로 성공시킨 인물이다. 최근 아마존이 어려움을 겪고 있는 만큼 복귀 가능성이 크다는 설명이다. 



이밖에도 기술 기업들의 인력 구조 조정은 올해도 이어질 것으로 예상했다. 그는 마지막 보너스 예측으로 “주식시장은 경기침체를 피하고 두 자릿수 상승세를 기록할 것”으로 전망했다. 매크로 이슈가 증시의 최대 이슈가 되겠지만 인플레이션 정점 가능성, 양호한 소비 경기 등을 고려할 때 주식이 상승하는 데 큰 영향을 미치지 않을 것이란 판단이다.
",2023-01-05 15:19:02
"해킹 장비 '플리퍼 제로' 가짜 계정·스토어, 제품 화제성 악용한 피싱 공격 ...",2023.01.05,CWN,https://www.cwn.kr/,,
"코스피, 0.38% 상승 마감…부동산 규제완화 훈풍",2023.01.05,연합인포맥스,http://www.einfomax.com,,
韓 가상자산 거래소 거래대금 80% 감소...겨울 버텨낼 새 먹거리 '절실',2023.01.05,테크M,http://techm.kr,,
"[광장] 아, 테스형!",2023.01.05,19면 TOP,https://n.news.naver.com/mnews/article/088/0000792092?sid=110,"
김건표 대경대 연극영화과 교수(연극평론가)​​



김건표 대경대 연극영화과 교수(연극평론가)코로나19가 대한민국을 강타하고 정점을 향할 무렵 소상공인과 자영업자들의 영업 감소로 폐업 사태는 줄을 이었고, 한국 경제도 위기 상황으로 전환되었다.문재인 정부의 6·19 부동산 대책 이후에도 전국 아파트값은 고공비행을 하고 비트코인이 인간의 욕망을 파고들 무렵 가수 나훈아는 방송사가 언택트로 마련한 한가위 대기획 '2020 대한민국 어게인 나훈아'를 통해 신곡 '테스형'을 발표했다.국민들은 '그저 와준 오늘이 고맙기는 하여도, 죽어도 오고 마는 또 내일이 두렵다아! 테스형 세상이 왜 이래 왜 이렇게 힘들어'라는 노랫말에 시대를 진단하는 나훈아의 은유에 환호했고, 노래 한 곡으로 위로받기도 했다.'테스형'이 발표된 지 2년이 지났고, 2023 계묘년(癸卯年)의 대한민국 사회는 '한바탕 턱 빠지게 웃을 정도'보다는 여전히 '죽어도 오고 마는 또 내일이 두려운' 시간을 체감하고 있다.경제 전문가들은 IMF 외환위기와 2008년 세계 금융위기보다 강력한 경제위기가 본격화될 수 있다고 예고했고, 국제통화기금(IMF) 총재는 우크라이나 전쟁 장기화와 인플레이션 지속과 글로벌 고금리 등의 악재로 2023년 세계 경제성장률을 2.7%로 전망했다. IMF와 세계금융위기 이후 최저 성장률을 예고한 셈이다. 서민들의 현실 경제 체감온도는 고물가, 고금리, 고환율의 상승 온도를 버티지 못하고 있다. 자장면(15.4%)과 김밥(13.5%)은 지난해 12월보다 두 자릿수로 뛰었다. 국민 대표 간식 '붕어빵'은 물가 폭등으로 1, 2개에 1천 원인 귀하신 '금붕어'가 됐다.주택담보대출과 가계대출 이자 부담은 9%까지 올라가고 있고, 저금리 대출 이자로 고객 관리를 하던 국내 대표적인 인터넷 뱅크도 두 자릿수 이자율 움직임을 보이고 있다. '똑똑한 한 채, 재테크'를 대출로 마련한 분들의 이자 비명에 부동산 시장은 거래절벽이다. 정부가 분양가 상한제 대상 지역인 서울 강남 3구와 용산을 제외한 규제 지역을 해제해 주택담보대출비율(LTV)을 높여도 연착륙 골든타임을 놓쳐 버린 고금리 시대 규제 완화 카드는 부동산 시장 침체 분위기를 극히 제한적인 반등으로 나타날 것으로 전문가들은 내다보고 있다.부동산 시장 위축, 3고 시대, 세계 경제의 강력 한파에도 정부 정책은 서민들의 체감온도를 겉돌며 한발 늦은 속도를 내고 있다. 당원 투표 100%로 치러지는 여당의 차기 당권 주자들은 '윤심 잡기'에 총력전을 기울이고 있고, 대통령은 중대선거구제를 띄우고 있다. 야당은 이재명 당 대표 사법 리스크를 정면 돌파하고 있는 모양새다. 협치와 정치적 양보 없는 여·야의 강 대 강 구도 정치 승부의 주도권 혈투는 보수와 진보를 견고하게 결집하는 효과를 보면서도 갈등과 분열의 초침은 빨라지고 있다.이런 와중에 북한의 무인기 침범과 새해 첫날 동해상 탄도미사일 도발에 남북 관계는 '도보다리 평화'의 시간에서 초긴장 국면으로 전환되었다. 윤석열 대통령은 북한의 영토 재침범 시 9·19 남북 군사합의 효력 정지를 검토하라고 국가안보실에 지시했다. 러시아와 우크라이나 전쟁의 폭격 소리가 들려오는 상황에서 국민들은 불안하고 경제 한파에 몸은 떨고 있다. 대한민국 사거리는 국내와 세계 경제, 남북 관계로 막혀 있고 마지막 두 길은 소란한 국내 정치와 국민들 한숨으로 길이 안 보인다.나훈아의 테스형은 2020년 신곡이 아니라 2023년에 발표한 신곡처럼 들린다. '테스형, 세상이 왜 이래 왜 이렇게 힘들어' 하면서도 버틸 수 있는 것은 대한민국 국민은 위기를 극복할 수 있는 '교토삼굴'(狡兎三窟)의 지혜를 가졌기 때문이다. 테스형, 새해 복 많이 받으시라.
",2023-01-05 16:16:01
"ETH, 매수심리 우세…""2개월 최고점 돌파 가능""",2023.01.05,코인데스크코리아,https://www.coindeskkorea.com/,,
"프로비트, BTC 마켓에 올페이코인 상장 발표",2023.01.05,아이티비즈,http://www.it-b.co.kr,,
"블랙록 글로벌 올로케이션 펀드, 포트폴리오에 비트코인 추가",2023.01.05,토큰포스트,https://www.tokenpost.kr,,
"[마켓뷰] 코스피, 외인 ‘사자’에 상승… 코스닥은 680선 깨져",2023.01.05,조선비즈언론사 선정,https://n.news.naver.com/mnews/article/366/0000867758?sid=101,"
코스피, 외인 대량 매수에 이틀 연속 올라시총 상위株 혼조세…삼성전자 상승        코스피지수가 이틀 연속 상승해 2260선을 회복했다. 반면 코스닥지수는 하락 마감해 680선을 내줬다.5일 코스피지수는 전날보다 8.67포인트(0.38%) 상승한 2264.65에 거래를 마쳤다. 이날 2268.20에 상승 출발한 지수는 오후 들어 하락 전환하며 2252.97까지 내렸으나, 곧바로 다시 상승해 2260선은 지켜냈다.



5일 오후 서울 중구 하나은행 본점 딜링룸. /연합뉴스        유가증권시장에서 외국인 홀로 5082억원을 순매수하며 지수를 끌어올렸다. 개인과 기관은 각각 1649억원, 3562억원을 매물로 출회했다.코스피 시가총액 상위 종목들은 혼조세였다. 대장주 삼성전자가 0.69% 오른 가운데, LG에너지솔루션, LG화학은 각각 2.14%, 3.33% 하락했다.코스닥지수는 전날보다 3.75포인트(0.55%) 내린 679.92를 기록했다. 이날 685.78에 출발한 지수는 장 초반 상승과 하락을 반복하다 오전 11시를 기점으로 하락 전환했다. 장중 680선을 등락하던 코스닥지수는 끝내 680선을 사수하지 못했다.코스닥시장에서는 개인 홀로 2352억원을 사들이며 지수 방어에 나섰다. 그러나 외국인과 기관이 각각 1544억원, 860억원을 순매도했다.코스닥 시총 상위 10개 종목도 엇갈렸다. 에코프로비엠과 엘앤에프는 각각 1.70%, 3.43% 하락했다. 펄어비스와 스튜디오드래곤은 1% 넘게 상승했다.이경민 대신증권 수석연구원은 “반도체 투자 심리 개선에 장 초반 삼성전자, SK하이닉스가 상승했으나, 장중 반도체주의 상승세가 진정되자 코스피도 상승 폭을 축소했다”면서 “수급적인 측면에서는 여전히 금융투자의 매물 출회 압력이 지수에 부담 요인으로 작용했다”고 분석했다.이 수석연구원은 “아울러 밤사이 발표된 12월 연방공개시장위원회(FOMC) 의사록과 공급관리협회(ISM) 제조업지수 부진 영향에 불안함이 가중됐으며, 올해 하반기 금리 인하 기대감이 후퇴하는 가운데 투자 심리는 여전히 불안정한 모습이다”라고 평가했다.간밤 뉴욕 증시는 지난달 연방공개시장위원회(FOMC) 정례회의 의사록에 대한 경계 속에 소폭 상승했다. 이날 발표된 12월 의사록에 따르면 연방준비제도(연준·Fed)는 당분간 인플레이션을 2% 목표치로 되돌리기 위해 제약적인 정책을 유지할 필요가 있다고 했다.4일(현지 시각) 뉴욕증권거래소(NYSE)에서 다우존스30산업평균지수는 전장보다 0.40% 오른 3만3269.77로 장을 마감했다. 스탠더드앤드푸어스(S&amp;P)500지수는 전 거래일 대비 0.75% 상승한 3852.97을 기록했으며, 나스닥지수는 0.69% 오른 1만458.76으로 거래를 마쳤다.한편, 비트코인을 비롯한 가상자산 시세는 보합권에서 움직이고 있다. 이날 오후 4시 17분 기준 코인마켓캡에서 비트코인은 24시간 전보다 0.29% 내린 1만6822달러를 기록했으며, 이더리움은 0.13% 상승한 1251달러에 거래됐다.
",2023-01-05 16:59:02
[마감 시세브리핑] 상승 흐름 끊긴 시장 혼조세...비트코인 부동,2023.01.05,토큰포스트,https://www.tokenpost.kr,,
"[토큰포스트 마감 브리핑] IMF 부총재 ""미국 인플레이션 아직 전환점 돌지 않...",2023.01.05,토큰포스트,https://www.tokenpost.kr,,
바이낸스 한반도 상륙 '가시권'…고팍스 지분 인수 협의,2023.01.05,투데이신문,http://www.ntoday.co.kr,,
"비트코인, 횡보세...美 연준은 '강경 매파' [코인브리핑]",2023.01.05,파이낸셜뉴스언론사 선정,https://n.news.naver.com/mnews/article/014/0004951998?sid=101,"




비트코인. /사진=뉴시스 [파이낸셜뉴스] 비트코인의 횡보세가 계속되고 있다. 미국 연방준비제도(연준)의 매파적 기조까지 확인되면서 반등 가능성은 멀어지고 있다.   4일 글로벌 가상자산 시황 중계 사이트 코인마켓캡에 따르면 이날 오후 4시 32분 기준 비트코인 가격은 24시간 전보다 0.29% 내린 1만6812.18달러에 거래됐다.   같은 시간 국내 가상자산 거래소 업비트에서 비트코인은 전날보다 0.22% 하락한 2154만원에 거래됐다.   알트코인(얼터너티브 코인·비트코인을 제외한 나머지 대체 가상자산) 대장 이더리움도 보합세다.   코인마켓캡에서 이더리움은 24시간 전보다 0.02% 오른 1249.52달러에 거래됐다.   업비트에서 이더리움은 전일 대비 0.62% 내린 160만원에 거래됐다.   동조화 현상을 보이는 뉴욕 증시가 상승하면서 이날 가상자산 가격은 소폭 오르기도 했다. 4일(현지시간) 뉴욕증권거래소에서 다우존스30산업평균지수는 전장보다 133.40p(0.40%) 오른 3만3269.77로 거래를 마쳤다. 스탠더드앤드푸어스(S&amp;P)500지수는 전장보다 28.83p(0.75%) 상승한 3852.97로, 나스닥지수는 71.78p(0.69%) 뛴 1만458.76으로 장을 마감했다.   하지만, 이날 미 연방공개시장위원회(FOMC)의 지난해 12월 정례회의 의사록이 공개되면서 반등 기대감이 낮아지고 있다. 의사록에 따르면 올해도 연준이 긴축 기조를 이어갈 의지가 보이기 때문이다. FOMC 위원들은 의사록에서 “경제 지표가 인플레이션이 2%로 지속적으로 하락하는 경로에 있다는 확신이 들 때까지 제한적인 정책을 유지할 필요가 있다”며 “이는 시간이 걸릴 것”이라고 밝혔다.   가상자산 전문매체 코인데스크는 이날 ""가상자산 시장이 초반에 소폭 상승했지만, 문제는 연준이 금리 인상을 완화할 것이냐다""며 ""지난해 가상자산 시장에 격동의 사건들이 있었지만, 가상자산 투자자들은 그 이전에 금리 인상 기조를 문제로 보고 있었다""고 분석했다.   한편 투자심리는 비슷한 수준을 유지하고 있다. 글로벌 가상자산 데이터 조사 업체 얼터너티브에서 집계하는 '공포·탐욕 지수'는 이날 29점을 기록하며 '공포(Fear)' 수준을 나타냈다. 전날(29·공포)과 동일한 수치다. 해당 지수는 0으로 갈수록 시장 심리가 극단적 공포에 가까움을 나타내며 100에 가까울수록 극단적 낙관을 의미한다.
		",2023-01-05 17:17:10
"비트코인 2100만 원대 지켜, 가상화폐 거래소 코인베이스 1억 달러 벌금",2023.01.05,비즈니스포스트,http://www.businesspost.co.kr/,,
"비트코인 최초 코어 개발자, 보유한 BTC 모두 도난당해",2023.01.05,데일리포스트,http://www.thedailypost.kr,,
“달러 약세 반갑다” 다시 뛰는 금값,2023.01.05,B7면 1단,https://n.news.naver.com/mnews/article/023/0003738832?sid=101,"
[WEEKLY BIZ] Market Data



금괴. /AFP연합										지난해 내내 부진한 흐름을 보이던 금(金)값이 11월을 기점으로 가파른 상승세를 보이고 있다. 뉴욕상품거래소에서 지난해 11월 초 트로이온스(31.1g)당 1600달러대 초반까지 떨어졌던 금값은 이후 두 달간 12% 상승해 1826.2달러로 해를 마쳤다.최근 금값 상승은 달러 약세와 관련 있다. 금은 달러로 거래되기 때문에 달러가 약세를 보이면 반대로 가격이 오르는 경향이 있다. 주요 6개 통화에 대한 달러 가치를 나타내는 달러인덱스는 지난 두 달간 8% 하락했다. 경기 침체 우려가 고조되고 비트코인 인기가 시들해지면서 ‘안전자산’으로서 금의 가치가 재부각된 측면도 있다. 덕분에 다른 귀금속이나 주요 원자재가 지지부진한 흐름을 보이는데도 금만 ‘나 홀로 강세’다.올해 금값 전망에 대해 한국은행은 “미국 연방준비제도의 금리 인상 사이클 종료 기대감이 확산된다면 추가적 달러 약세 요인으로 작용해 금값 상승으로 이어질 것”이라고 내다봤다. 세계 최대 금 소비국인 중국의 경기 회복 여부도 올해 금값 향방에 중요 변수로 작용할 전망이다.



										WEEKLY BIZ Newsletter 구독하기 ☞ https://page.stibee.com/subscriptions/146096
",2023-01-05 17:31:01
비트코인 엇갈린 전망 '봄이냐 겨울이냐'…'비트코인골드' 7%대 상승,2023.01.05,아시아타임즈,http://www.asiatime.co.kr/,,
[코인췍] 엇갈린 비트코인 전망···5000달러 폭락이냐 vs 25만 달러 급등이...,2023.01.05,디센터,http://decenter.kr,,
"김민재 뛰는 나폴리와 손잡은 두나무, '축구 팬토큰' 7종 대거 상장",2023.01.05,뉴스1,https://n.news.naver.com/mnews/article/421/0006561145?sid=105,"
나폴리 포함 맨체스터 시티·바르셀로나 등 축구 명문 구단 팬토큰 상장오후 5시부터 거래 시작…칠리즈 기반 토큰만 입금 지원



두나무가 가상자산 거래소 업비트에 칠리즈 기반 팬토큰을 대거 상장했다. (업비트 공지사항 캡처)(서울=뉴스1) 김지현 기자 = 김민재 선수가 뛰고 있는 이탈리아 축구 명문 나폴리와 파트너십을 맺은 두나무가 칠리즈 팬토큰 7종을 대거 상장했다.5일 업비트는 공지사항을 통해 비트코인(BTC) 마켓에서 칠리즈 팬토큰 7종을 신규 거래 지원한다고 밝혔다. 업비트에 상장된 7종의 팬토큰은 △ACM(AC밀란) △AFC(아스날) △ATM(아틀레티코 마드리드) △BAR(FC 바르셀로나) △CITY(맨체스터 시티 FC) △INTER(인터밀란) △NAP(나폴리)다.해당 토큰들은 글로벌 스포츠 블록체인 칠리즈에서 각 구단과 일정 기간 독점 계약을 바탕으로 발행한 팬토큰이다.해당 팬토큰은 팬들이 해당 토큰을 소유함으로써 클럽의 의사결정에 참여할 수 있는 권한이 부여된 유틸리티 토큰이다. 실제 클럽에서는 구단의 다양한 의사결정을 스마트 컨트랙트를 활용한 팬토큰 투표에 위임해 투표된 안건에 대해 토큰 보유자들의 의사결정에 따르기도 한다.이외에도 칠리즈 기반의 팬토큰은 칠리즈의 소시오스(Socios) 앱 및 서비스에서 클럽 멤버십 포인트와 같이 활용되기도 한다. 또 VIP 굿즈, 팬샵, NFT 상품 등 다양한 보상을 획득할 수도 있다. 해당 토큰에 대한 거래 지원은 이날 오후 5시부터 시작됐다. 이날 오후 5시 35분 기준, 팬토큰 7종 중 나폴리 팬토큰이 급등세를 보이고 있다. 나폴리 팬토큰은 거래 시작 후 약 35분만에 46%가량 오르면서 0.00036219(7800)원에 거래되고 있다.다만 업비트는 해당 거래 건과 관련해 투기적 수요 및 국내외 규제환경 변화 등에 따라 급격한 시세 변동에 노출될 수 있다면서 투자 위험에 대해서도 안내했다.이밖에도 투자자들은 입금에 대해서도 주의를 기울일 필요가 있다. 업비트는 칠리즈 기반의 팬토큰에 대한 입금만 지원하기 때문에 투자자들은 ERC-20이나 BSC 등 타 네트워크를 통한 입금을 주의해야 한다.한편 업비트는 나폴리와의 파트너십 체결을 기념해 신규 거래 지원되는 칠리즈 기반 팬토큰 이벤트도 진행한다. 업비트는 오는 6일까지 비트코인 마켓에서 신규 거래지원 칠리즈 팬토큰을 0.05BTC 이상 거래한 회원들 중 10명을 추첨해 김민재 선수의 유니폼을 경품으로 전달한다. 또 거래 대금 순위 상위 10명에게 가상자산 칠리즈도 지급한다. 거래 대금 순위 1등에게는 39만칠리즈를 지급한다.또 해당 7종 칠리즈 팬토큰을 입금한 회원을 대상으로 무작위 추점을 통해 당첨된 10명에게 김민재 선수 친필 사인 유니폼 1개와 유명 구단 굿즈 9개, 총 10종의 경품을 무작위로 지급한다.
		",2023-01-05 17:58:56
"[저녁브리핑] 이더리움 상승, 두나무 식물 NFT, 코인베이스 벌금",2023.01.05,코인데스크코리아,https://www.coindeskkorea.com/,,
"[코인시황] 비트코인, 2150만원서 횡보세…작년 중앙화 암호화폐 거래소 거래...",2023.01.05,뉴스웍스,http://www.newsworks.co.kr/,,
"[코툰] ""암호화폐 성장 잠재력 충분해""",2023.01.05,코인리더스,http://coinreaders.com,,
"이더리움 클래식, 뛴다",2023.01.05,이코노믹리뷰,http://www.econovill.com/,,
"FOMC 의사록, 큰 영향 없어..실업수당 청구 발표 예정..비트코인과 이더리움 ...",2023.01.05,매일안전신문,http://peoplesafe.kr,,
"기요사키 ""비트코인 무조건 사라""",2023.01.05,이코노믹리뷰,http://www.econovill.com/,,
FOMC는 원칙에 충실했을 뿐..비트코인 안정된 흐름..환율과 금리 안정 속 삼성...,2023.01.05,매일안전신문,http://peoplesafe.kr,,
美SEC의 리플 기소는 괘씸죄?...XRP 약세 지속,2023.01.05,코인리더스,http://coinreaders.com,,
"""비트코인 1400% 뛴다""",2023.01.05,이코노믹리뷰,http://www.econovill.com/,,
"[속보] 푸틴 중대발표 ""추가 총동원령"" 치르콘 미사일 호위함 출격 뉴욕증시 ...",2023.01.05,글로벌이코노믹,http://www.g-enews.com/,,
"'FTX 거래소 파산' 후 비트코인 시세 60% 급락, 투자자 반등 전망 여전히 기대",2023.01.05,국제뉴스,http://www.gukjenews.com/,,
도지코인 꿈틀? 상황은?,2023.01.05,이코노믹리뷰,http://www.econovill.com/,,
"관건은 실적 시즌, FOMC 지나간 바람일 뿐..비트코인,이더리움 안정된 흐름 속...",2023.01.05,매일안전신문,http://peoplesafe.kr,,
미 실업수당의 아이러니..나스닥 하락 전환..실적시즌 대비 중요..비트코인 견...,2023.01.05,매일안전신문,http://peoplesafe.kr,,
"뉴욕증시 비트코인 실업보험 청구 고용보고서 ""쇼크"" 달러환율 국채금리 국제...",2023.01.06,글로벌이코노믹,http://www.g-enews.com/,,
"비트코인 채굴 업체 코어 사이언티픽, 파산한 셀시우스 채굴장비 3만7000개 폐...",2023.01.06,글로벌이코노믹,http://www.g-enews.com/,,
"바이낸스, 2022년 4분기에 암호화폐 거래량 66% 차지",2023.01.06,글로벌이코노믹,http://www.g-enews.com/,,
견고한 미 고용 지표가 빌미될 우려..실적시즌 준비..비트코인은 견조한 움직...,2023.01.06,매일안전신문,http://peoplesafe.kr,,
"푸틴, 36시간 휴전 명령 왜?...다우ㆍ나스닥은 '휘청'",2023.01.06,핀포인트뉴스,http://www.pinpointnews.co.kr,,
"뉴욕증시 비트코인 와르르 급락, 테슬라 기술주 2차 폭락 ADT 고용보고서 참사",2023.01.06,글로벌이코노믹,http://www.g-enews.com/,,
"푸틴 돌연 ""휴전 명령"" 뉴욕증시 암호화폐 휘청… 우크라-러시아 전쟁 대체 무...",2023.01.06,글로벌이코노믹,http://www.g-enews.com/,,
나스닥 하락에도 굳건한 비트코인과 솔라나..삼성전자 실적 임박해..테슬라와...,2023.01.06,매일안전신문,http://peoplesafe.kr,,
[김동환의 리얼크립토] 2023년 비트코인 가격 전망을 물어보신다면,2023.01.06,IT조선,http://it.chosun.com/,,
"뉴욕증시, 고용 호조·매파 연준에 하락 ‘테슬라 3%↓’…유가 상승·비트코...",2023.01.06,한국경제TV언론사 선정,https://n.news.naver.com/mnews/article/215/0001075805?sid=101,"




[글로벌시장 지표 / 1월 6일 오전 6시 현재]



[미국증시 마감시황]뉴욕증시는 5일(현지시간) 하락했다. 뉴욕증권거래소(NYSE)에서 다우지수는 전 거래일 대비 339.69포인트(1.02%) 하락한 3만2930.08에 마감했다. S&amp;P500지수는 44.87포인트(1.16%) 떨어진 3808.10에, 기술주 중심의 나스닥지수는 153.52포인트(1.47%) 밀린 1만305.24에 거래를 마쳤다.이날 시장은 고용 지표와 연방준비제도(연준·Fed) 위원들의 발언에 주목했다.이날 발표된 민간 고용이 시장의 예상치를 크게 웃돌면서 노동시장이 여전히 강한 점을 시사, 연준의 긴축 우려는 더욱 강화됐다. 12월 ADP 전미 고용보고서에 따르면 12월 민간 부문 고용은 직전 달보다 23만5천 명 증가했다. 이는 월스트리트저널(WSJ)이 집계한 전문가 예상치인 15만3천 명을 크게 웃도는 수준이다. ADP가 발표한 12월 임금은 전년 대비 7.3% 올라 전달의 7.6% 상승에서 둔화했으나 여전히 높은 수준이다.ADP 고용은 다음날 나오는 노동부의 고용보고서를 앞두고 미국 12월 고용시장의 상황을 엿볼 수 있는 지표다. 월스트리트저널에 따르면 이코노미스트들은 12월 비농업 부문 고용이 20만 명 증가해 전달의 26만3천 명보다 소폭 줄었을 것으로 예상하고 있다. 실업률은 3.7%로 전달과 같은 수준일 것으로 예상했다. 매달 20만 명 이상의 고용이 계속 창출되고 있다는 점에서 미국 고용 시장은 여전히 강하다는 평가가 지배적이다.지난 주(12월 25∼31일) 신규 실업수당 청구자수는 전주보다 1만9천 명 감소한 20만4천 명으로 집계됐다. 이는 전문가 예상치 22만3천 명보다 적고 3개월만에 최저치다. 최소 2주 이상 실업수당을 신청하는 '계속 실업수당' 청구 건수도 169만4000건으로 2만4000건 줄었다. 연준의 고강도 긴축과 빅테크 기업들의 대규모 정리 해고 속에서도 고용 시장은 수요가 공급을 웃도는 타이트한 모습을 보이고 있다.연준 위원들은 매파적 발언을 이어갔다. 라파엘 보스틱 애틀랜타 연방준비은행(연은) 총재는 이날 애틀랜타 연은 뉴올리언스 지점에서 개최된 컨퍼런스에서 “현재 인플레이션은 미국 경제가 직면한 가장 큰 역풍이며, 연준 위원들은 인플레이션을 물가 안정 목표인 2%로 복구하겠다는 의지가 확고하다”고 말했다.에스더 조지 캔자스시티 연은 총재는 이날 CNBC와의 인터뷰에서 연준의 기준금리 전망치를 5%를 웃도는 수준으로 상향했다며 당분간 연준이 이 수준에서 머물 것으로 예상한다고 말했다. 그는 “긴축 사이클이 종료되더라도 연준이 한동안 금리를 높은 수준에 유지해야 할 것”이라며 매파적 분위기를 이어갔다. 이달 퇴임하는 조지 총재는 경기침체를 예측하지는 않았으나 수요를 낮추려는 연준의 노력으로 인해 일말의 침체 가능성이 있다는 점은 인정했다.연준 내 대표적인 매파로 분류되는 제임스 불라드 세인트루이스 연은 총재 역시 현 통화정책이 충분히 제약적이지 않다며 추가 긴축을 예고했다. 불라드 총재는 “인플레이션이 전반적으로 너무 높지만 최근 둔화하고 있다”면서도 “점점 제약적 정책에 가까워지고 있으며 올해 그 수준에 도달할 것”이라고 말했다.이에 국채 가격이 하락, 이날 미국 10년물 국채 금리는 3.72%선까지 올랐다. 통화정책에 민감한 2년물 국채 금리는 장중 4.49%선까지 뛰었다.[특징주]■기술주금리에 민감한 기술주들이 하락했다. 애플 1.06%, 알파벳 2.13%, 마이크로소프트 2.96%, 아마존 2.37%, 엔비디아 3.28%, 메타 0.34% 하락 마감했다.■전기차주테슬라는 12월 중국 제조 차량 인도 실적이 전달에 비해 크게 줄었다는 소식에 장중 5% 이상 하락, 낙폭을 줄여 2.9% 하락한 110.34 달러에 마감했다. 리비안은 6.49%, 루시드는 3.55%, 니콜라는 6.96% 하락 마감했다.■에너지주국제 유가 상승에 에너지주가 상승했다. 발레로 에너지 5.83%, 마라톤 페트롤륨4.66%, 엑슨모빌 2.24%, 셰브론 1.8% 상승 마감했다.■베드배스앤드비욘드지난해 월가의 밈 주식으로 주목받았던 생활용품 소매체인 베드배스앤드비욘드가 파산신청을 검토 중이라고 밝혀 전일대비 29.88% 하락 마감했다.■실버게이트FTX를 비롯한 가상화폐 업체의 거래 은행 실버게이트는 예금 대량인출로 매각 가능성을 시사해 42.73% 폭락했다.[유럽증시 마감시황]유럽 주요국 증시는 5일(현지시간) 혼조세로 마감했다.범유럽지수인 STOXX 600 지수는 전 거래일 대비 0.86포인트(0.20%) 하락한 439.33에 마감했고, 독일 프랑크푸르트 증시의 DAX지수는 54.47포인트(0.38%) 내린 1만4436.31을 기록했다. 프랑스 파리 증시의 CAC40지수는 14.93포인트(0.22%) 빠진 6761.50, 영국 런던 증시의 FTSE100지수는 48.26포인트(0.64%) 뛴 7633.45로 집계됐다.[중국증시 마감시황]중국증시는 5일(현지시간) 상승했다.이날 A주 3대 주가지수는 종일 강세를 이어갔다.상하이종합지수는 1.01% 상승한 3155.22로 장을 마쳤고 선전성분지수와 창업판지수도 각각 2.13%, 2.76% 상승 마감에 성공했다.이날 백주 섹터는 큰 폭으로 상승했는데, 이 가운데 고정공주는 상한가 마감에 성공했다. 그밖에 에너지저장, 리튬배터리 등 신에너지 섹터 역시 상승을 견인했다.한편 이날 외국인 자금은 종일 순매수세를 유지한 가운데 장 마감 기준 총 127.53억 위안 순유입돼 지난해 11월 15일 이래 최대 순매수세를 기록했다.[베트남증시 마감시황]베트남증시는 5일(현지시간) 상승했다.이날 베트남증시 4대 거래소 모두 상승 마감했다. 벤치마크 VN지수는 전 거래일에 비해 9.47(0.91%) 상승한 1,055.82를 기록했고 196개 종목이 상승, 137개 종목이 하락했다.베트남증시 시가총액 상위30대 종목으로 구성된 VN30지수도 11.75(1.12%) 오른 1,061.90로 마감했고 25개 종목이 상승, 4개 종목이 하락했다.중소형주 위주의 하노이거래소 HNX지수는 0.05(0.02%) 소폭 상승한 213.11를 기록하며 76개 종목 상승, 81개 종목이 하락했다. 비상장기업 UPCoM거래소도 0.06(0.08%) 소폭 오른 72.82를 기록했는데 122개 종목이 상승을, 그리고 123개 종목이 하락했다.이날 거래대금은 전거래일에 비해 13% 감소한 9조1,800억동(3억9,100만달러)을 기록했다.외국인 투자자는 6,730억동 순매수하며 이날 장을 모두 마쳤다.[국제유가]국제유가는 낙폭 과대에 따른 저가 매수세와 미국 정유 설비가동률이 크게 하락했다는 소식에 상승했다. 뉴욕상업거래소에서 2월 인도분 서부텍사스산원유(WTI)가격은 전장보다 83센트(1.14%) 오른 배럴당 73.67달러에 거래를 마쳤다.[금]안전 자산인 금 가격은 하락했다. 뉴욕상품거래소에서 2월 인도분 금은 전 거래일보다 온스당 1%(18.40달러) 내린 1840.60달러에 거래를 마쳤다.



* 더 많은 글로벌투자 뉴스는 [한경 KVINA] 홈페이지에서 볼 수 있습니다.



▶연재 몰아보기https://www.wowtv.co.kr/Opinion/SerialColumn/DetailList?subMenu=opinion&amp;Class=S&amp;menuSeq=721&amp;seq=894
",2023-01-06 07:02:25
"암호화폐 전문은행 실버게이트, FTX 관련 뱅크런 우려에 폭락",2023.01.06,글로벌이코노믹,http://www.g-enews.com/,,
"[글로벌 마켓] ""굿뉴스가 배드뉴스로""…뉴욕증시, 고용 호조에 하락",2023.01.06,SBS Biz,https://n.news.naver.com/mnews/article/374/0000317471?sid=101,"
■ 모닝벨 '글로벌 마켓' - 정다인◇ 뉴욕증시원래는 '일자리가 없다'라는 말이 우리를 힘들게 했는데, 지금은 '일자리가 많다'라는 말이 부담스럽다니 참 아이러니합니다. 이날 오전 민간 고용정보업체 오토매틱 데이터 프로세싱 ADP의 전미 고용보고서가 발표됐는데요.12월 일자리가 예상보다 많아도 너무 많았습니다. '너무'라는 단어에서 제가 이미 부정적인 뉘앙스를 풍겼죠.주요 지수는 하락 출발했고, 그대로 마감했습니다.3대 주요 지수 모두 1% 넘게 하락했습니다.12월 ADP 고용보고서 바로 확인해 보시죠.12월 민간 부문 고용은 전달보다 23만 5천 건 증가했습니다. 11월에 증가한 일자리 수가 12만 7천 건이었던 점을 감안하면 거의 2배 가까이 일자리가 증가한 것이죠. 전문가 예상치 15만 3천 건도 크게 웃돈 숫자입니다. 이날은 매주 주간 신규 실업보험 청구 건수가 발표되는 날이죠.지난해 마지막 주 신규 실업보험 청구자 수가 20만 4천 명이었습니다.직전주보다 1만 9천 명 감소했습니다.지난해 12월 24일을 기준으로 2주 이상 실업수당을 청구하는 계속 청구 건수도 169만 4천 건으로 직전주에 비해 2만 4천 명 줄었습니다. 일자리는 늘고, 실업자는 줄고.모두 노동시장이 여전히 과열 상태라는 것을 의미합니다. 대형 IT기업을 중심으로 정리해고가 많이 이뤄질 예정이기 때문에 이것이 반영된 데이터를 기다릴 필요가 있겠지만, 일단 현재 1인당 일자리 수가 약 1.7개라는 것은 시장에 부담으로 다가왔습니다.고용자가 노동자를 찾기 위해서는 임금 경쟁을 해야 하고, 높은 임금은 인플레이션을 자극하는 요소이기 때문입니다.이직할 경우 연봉이 확실히 더 높아지죠.연준이 물가 안정을 위해 강력한 긴축 기조를 이어가야 한다는 뜻이죠.한편 내일 비농업 신규 고용지표가 나오죠.어떤 충격을 줄까 벌써부터 긴장이 되는데요. 지난해 11월 ADP 민간고용이 일자리 수가 12만 7천 개 증가했다고 발표했을 때, 11월 고용보고서는 26만 3천 개 증가했다고 밝혔기 때문입니다.괴리가 좀 크죠. ADP는 지난해 12월 일자리가 23만 5천 개 증가했다고 했습니다.이번에도 괴리가 위쪽으로 크다면 시장에 충격일 수 있습니다. 연은 총재의 발언도 확인해 보시죠.세인트루이스 연은 총재는 ""올해 인플레이션이 완화될 것""이라고 말했습니다. 또 정책이 올해 제약적인 수준에 도달할 것이라고 덧붙였는데요. 시장은 기준금리가 5%를 넘어서야 한다고 주장하던 불러드 총재가 한 발 물러서 완화적인 입장을 취한 것이라고 해석했습니다. 반면 캔자스 시티 연은 총재는 연준이 기준금리를 5% 이상으로 올려야 하고, 물가가 안정되고 있다는 신호가 많아지기 전까지 높은 금리를 유지해야 한다고 당부했습니다.시장이 반길 말이 아닌데요.아쉽고, 다행인 걸까요?블러드 총재는 올해 FOMC 투표권이 없고, 에스더 총재는 이달 은퇴합니다.다시 숫자를 보죠.시총 상위 종목입니다.애플 1% 하락하며 시총 2조 달러를 다시 내줬습니다.마이크로소프트가 전장에 이어 TOP5 중 가장 크게 내렸고요.알파벳과 아마존이 2% 넘는 하락률을 기록했습니다.아마존은 기존에 정리해고자 수가 1만 명일 것이라고 했지만, 뚜껑을 열어 보니 1만 8천 명이 해고될 것으로 보이죠.아마존 역사상 가장 큰 규모의 정리해고이자, 동종 업계와 비교해도 큽니다. 유나이티드헬스 케어는 연초부터 2%씩 꾸준히 하락하더니 시총 7위 자리로 내려왔고요.엑손모빌이 2.24% 올랐습니다. ◇ 유럽증시유럽 주요국 증시는 FOMC 충격을 하루 늦게 받았습니다.DAX와 CAC 지수가 소폭 하락했는데요.FTSE 지수 계속 한 박자 늦다고 말씀드렸죠.0.6% 상승 마감했습니다. ◇ 비트코인·국제유가·원달러환율비트코인 현재 오전 7시 기준 2,100만 원 선에서 거래되고 있습니다. 불안한 소식이 한 가지 있다면 가상자산 은행 실버게이트 캐피탈의 예금 잔고인데요.지난해 3분기 말에 119억 달러였던 잔고가 4분기 말 38억 달러로 급감했습니다. FTX 사태 이후 불안한 투자자들이 서둘러 인출했기 때문으로 신뢰도는 가상자산 가격과도 연결될 것으로 보입니다.국제유가는 2거래일 연속 크게 하락하더니 반등했습니다.WTI가 전 거래일 대비 1% 넘게 오르면서 배럴당 73달러 선으로 올라왔습니다.미국의 휘발유, 경유 재고가 크게 줄어든 영향을 받았습니다. 최근 미국의 겨울 폭풍으로 가동 중단된 정제소가 있고, 글로벌 경기가 둔화되고, 미국의 1월 중순 날씨가 평년보다 따뜻할 것으로 예상되고, 중국의 코로나19 확산세 등 공급, 수요 측면의 변수가 있기 때문에 한동안 국제유가는 변동적일 것으로 예상됩니다. 미 10년물 국채금리는 3.722%를 나타내고 있고요.어제(5일) 원·달러 환율은 달러당 1,260원대로 내려왔습니다. 
		",2023-01-06 07:20:01
[기자의 눈] '누칼협'과 '중꺾마'…'상대적 약자'를 보는 정반대의 시선,2023.01.06,뉴스투데이,http://www.news2day.co.kr,,
"[글로벌 비즈] 日 소니, CES2023서 첫 전기차 '아필라' 공개",2023.01.06,SBS Biz,https://n.news.naver.com/mnews/article/374/0000317477?sid=101,"
■ 모닝벨 '글로벌 비즈' - 임선우 외신캐스터글로벌 비즈입니다.◇ 日 소니, CES2023서 첫 전기차 공개세계 최대 가전IT 박람회 CES2023이 오늘 개막했죠.코로나19로 3년 만에 열리는 대면 행사인 만큼 큰 관심이 쏠리고 있는데요.사전행사에서부터 주목을 받은 곳이 있습니다.바로 일본 소니인데요.매번 브라비아 TV를 공개해오던 오랜 전통을 깨고, 첫 전기차 '아필라'를 선보였습니다.미즈노 야시히데 회장은 자율주행과 증강현실, 친밀감 등 3가지를 열쇳말로 제시하면서, 미래 모빌리티를 '움직이는 엔터테인먼트 플랫폼'으로 만들겠다는 로드맵을 제시했는데요.플레이스테이션과 컬럼비아 픽처스 등 콘솔 게임부터 영화사까지 보유하고 있는 소니인 만큼 미래차 시장의 핵심인 콘텐츠에 강점을 앞세워 차별화된 전략을 구사하겠다는 계획입니다.아필라는 내후년 상반기부터 예약판매를 받고, 이듬해 봄 북미 시장에 출시할 예정입니다.이른바 '달리는 게임기'라는 별명에 걸맞게 다양한 콘텐츠를 즐길 수 있는 구독 서비스, 게이머들을 위한 '햅틱 피드백' 과 같은 기술들도 탑재할 계획인데요.이밖에도 퀄컴과 손잡고 스마트 차량 기능을 한데 모은 디지털 섀시를 도입해, 단순한 전기차를 넘어 '올인원' 모빌리티 경험을 제공하겠다는 포부를 밝혔습니다.◇ 테슬라 中산 전기차 인도량 급감테슬라, 최근 기대치에 못미치는 성적표를 공개하면서 새해 들어 계속 내리막을 걷고 있죠.이런 가운데 지난달 중국에서 제조한 전기차 판매 실적이 5개월 만에 최저 수준으로 떨어졌다는 소식이 나왔는데요.고객에게 인도된 차량은 5만5천여대에 불과했습니다.그 전달과 비교하면 44%나 감소한 수치고, 1년전보다 22%나 줄어들었는데요.반면 중국 1위 토종 전기차 업체 비야디의 같은 기간 인도 실적은 테슬라의 4배 이상인 23만4천여대를 기록했습니다.하이브리드 차량을 포함한 기록이긴 하지만 압도적인 차이를 보여줬고, 뿐만 아니라 GM과 중 상하이자동차의 합작사의 판매량도 테슬라를 앞질렀습니다.테슬라는 이처럼 수요부진 신호가 곳곳에서 나타나고 재고가 쌓이자 이례적인 파격할인에 나서며 대응하고 있자만 상황이 녹록지 않은데요.지난해 65% 떨어진 주가는 새해 들어서도 하락세를 이어가며 100달러대를 위협받고 있습니다.◇ 아마존, 역대 최대 규모 감원'긴축모드'에 돌입한 아마존이 역대 최대 규모의 인력 감원에 나섭니다.지난해 본사 직원 수천명을 해고한데 이어서, 당초 계획보 더 늘어난 1만8천명이 자리를 떠나게 되는데요.현장 인력을 포함한 150만 명을 기준으로 보면 1% 안팎이지만, 이번 감원이 30만 명 수준의 정규직 직원을 대상으로 진행되는 만큼 무시할 수 없는 수준입니다.아마존은 그간 코로나19 수혜를 톡톡히 보며 몸집을 불려왔지만 고객들이 다시 매장을 찾기 시작하며 수요가 감소하기 시작했는데요.이에 따라 매장 폐쇄와 함께 원격진료 서비스 아마존 케어 등 사업을 잇따라 철수하고, 채용 동결에 이어 결국 정리해고까지 오게 됐습니다.아마존은 불확실한 시장 환경을 고려해 80억 달러, 우리돈 10조원 규모의 신용대출을 받는 등 현금 확보에도 나서며 비상경영에 돌입했는데요.한때 1조 8천억 달러를 넘겼던 시가총액 역시 8천500억 달러대로 쪼그라들었는데, 엎친데 덮친 격으로 유럽연합의 반독점법 압박에 백기를 들며 사업관행까지 바꾸는 등 뼈아픈 상황이 계속되고 있습니다.◇ 애플, 中 공급망도 분산'아이폰 시티'로 불리는 중국 정저우에서 대규모 봉쇄 반대 시위로 생산에 차질을 빚었던 애플이 현지 공급망 분산에 나선다는 보도가 나왔습니다.파이낸셜타임스는 소식통을 인용해 애플이 중국 럭스쉐어와 첫 대규모 아이폰 제조 계약을 앞두고 있다고 전했는데요.이번 계약이 체결되면 럭스쉐어는 애플의 최대 협력사인 폭스콘에 이어 또 다른 중국 내 프리미엄 아이폰 제조사가 됩니다.럭스쉐어는 대만 폭스콘의 경쟁업체로, 이미 지난 11월부터 아이폰14 프로 모델 생산에 돌입했는데요.신문은 ""그간 폭스콘이 신형 아이폰 제조를 전적으로 책임져 왔지만, 럭스쉐어가 정교한 아이폰 제품을 제조할 수 있음을 증명해냈다""고 지적했습니다.그러면서 폭스콘이 베트남과 인도로 눈을 돌리며 중국 의존도를 줄이고 있는 사이, 애플은 고어텍, 윙테크 같은 중국 협력사와 거래를 늘리고 있다고 덧붙였는데요.'탈중국'에 속도를 내고 있는 애플이지만 최대 시장이자 복잡한 이해관계가 얽힌 중국에서 쉽게 손을 떼지는 못하는 모습입니다.◇ 'FTX 붕괴' 여진 여전'코인판 리먼사태'를 키운 FTX 붕괴 여진이 계속되고 있습니다.이번엔 미국 가상자산 전문은행 실버게이트에서 우리돈 10조원 규모의 뱅크런이 발생했는데요.회사가 공개한 지난해 4분기 실적 예비 보고서에 따르면 지난 3개월간 가상자산 관련 예금이 68% 감소했고, 대량 인출을 막기 위해 7억1천800만 달러의 손해를 보고 일부 자산을 매각했습니다.실버게이트 경영진들은 회사가 더 큰 금융기관의 인수 대상이 될 수 있다며 매각 가능성을 언급하기도 했는데요.이 여파로 주가는 장중 45% 넘게 폭락하기도 했습니다.새해에도 가상자산 시장은 여전히 어지러운 모습을 보여주고 있는데요.비트코인 가격 전망 역시 25만 달러부터 5천달러까지 극명하게 갈리며 혼란한 양상을 이어가고 있습니다.◇ 코인대부업체 제네시스, 감원 돌입그런가하면 파산 위기에 처한 미국 가상자산 대부업체 제네시스가 정리해고를 단행했습니다.월스트리트저널은 제네시스가 전체 직원의 30%를 정리해고했다고 전했는데요.회사 대변인은 ""유례없는 도전적인 상황에 대처하기 위해 인력을 줄여야 한다는 어려운 결정을 내렸다""며 ""정리해고는 사업을 지속하기 위한 노력의 일환""이라고 밝혔습니다.제네시스는 지난해 6월 코인 가격 폭락으로 대규모 손실을 본 가상자산 헤지펀드 스리애로우스에 24억 달러 상당의 코인을 빌려줬다가 거액을 물렸는데요.이에 따라 지난해 8월 당시 전체 직원의 20%에 해당하는 260명을 정리해고하고, 최고경영자였던 마이클 모로가 사임했지만, FTX가 파산하면서 우리돈 2천억 원의 자금이 묶이며  또다시 유동성 위기에 몰렸습니다. 
		",2023-01-06 07:44:01
"이더리움클래식 폭등랠리 왜?...도지코인 92원, 솔라나 1만 7240원, 칠리즈 1...",2023.01.06,핀포인트뉴스,http://www.pinpointnews.co.kr,,
[07:46 가상자산] 美 연준 금리인상 가속화 우려에 하락세,2023.01.06,신아일보,http://www.shinailbo.co.kr/,,
"이더리움 올해 2,500달러 찍는다?...""ETH, 비트코인 보다 우위""",2023.01.06,코인리더스,http://coinreaders.com,,
1월 6일 디지털자산 주요뉴스,2023.01.06,NBNTV,https://www.nbntv.kr/,,
[굿모닝 마켓] 일자리 너무 많아 넘치는 美…증시에는 '배드뉴스'?,2023.01.06,SBS Biz,https://n.news.naver.com/mnews/article/374/0000317488?sid=101,"
■ 재테크 노하우 100분 머니쇼 '굿모닝 마켓' - 정다인일할 사람들이 다 어디 간 것일까요? 저한테 익숙한 문구는 '일자리가 없다'인데, 지금은 일자리가 남아돕니다.일자리가 많다, 원래 같으면 환호할 말이죠.그런데 지금은 부담입니다.참 아이러니하죠. 이날 오전 민간 고용정보업체 오토매틱 데이터 프로세싱 ADP의 전미 고용보고서가 발표됐는데요.12월 일자리가 예상보다 많아도 너무 많았습니다. '너무'라는 단어에서 제가 이미 부정적인 뉘앙스를 풍겼죠.주요 지수는 하락출발했고, 그대로 마감했습니다.다우 지수가 1% 하락했고, 나스닥과 S&amp;P500 제수 1.47%, 1.16% 내렸습니다.12월 ADP 고용보고서 바로 확인해 보시죠.보기 쉽게 정리해 봤는데요.12월 민간 부문 고용은 전달보다 23만 5천 건 증가했습니다. 11월에 증가한 일자리 수가 12만 7천 건이었던 점을 감안하면 거의 2배 가까이 일자리가 증가한 것이죠. 전문가 예상치도 크게 넘어섰습니다.이날은 매주 주간 신규 실업보험 청구 건수가 발표되는 날이기도 한데요.지난해 마지막 주 신규 실업보험 청구자 수가 20만 4천 명으로 직전 주보다 1만 9천 명 감소했습니다.2주 이상 실업수당을 청구하는 계속 청구 건수도 169만 4천 건으로 직전 주에 비해 2만 4천 명 줄었습니다. 일자리는 늘고, 실업자는 줄고.모두 노동시장이 여전히 과열 상태라는 것을 의미합니다. 대형 IT기업을 중심으로 정리해고가 많이 이뤄질 예정이기 때문에 이것이 반영된 데이터를 기다릴 필요가 있겠습니다.IT 업종에서 코로나 팬데믹으로 대량 해고가 있었던 2020년보다 더 많은 사람들이 해고될 것으로 예상되기 때문입니다. 하지만 현재 1인당 일자리 수가 약 1.7개라는 것은 당장 시장에 부담으로 다가왔습니다.고용자가 노동자를 찾기 위해서는 임금 경쟁을 해야 하고, 높은 임금은 인플레이션을 자극하기 때문입니다.이직할 경우 연봉이 확실히 더 높아지는데요.연준이 물가 안정을 위해 강력한 긴축 기조를 이어가야 한다는 뜻이죠.이 내용이 골드만삭스의 2023년 전망 보고서에 잘 정리돼 있어서 가져와 봤는데요.남색이 현재인데, 우리가 주목할 건 하늘색 바입니다.긴축 정책으로 올해 GDP 성장률을 잠재성장률 이하로 유지해야, 일자리가 감소하며 노동시장 수급 불균형 문제가 해결될 것이고, 그래야 임금 상승률이 감소하며, 근원 개인소비지출 물가지수 상승률 2%를 맞출 수 있다는 것입니다. 내일은 비농업 신규 고용지표가 나오죠.어떤 충격을 줄까 벌써부터 긴장이 되는데요. 지난해 11월 ADP가 민간 고용 일자리 수가 12만 7천 개 증가했다고 발표했을 때, 11월 고용보고서는 26만 3천 개 증가했다고 밝혔습니다.괴리가 좀 크죠. 이번에도 괴리가 위쪽으로 크다면 시장에 충격일 수 있습니다. 연은 총재의 발언도 확인해 보시죠.세인트루이스 연은 총재는 ""올해 인플레이션이 완화될 것""이라고 말했습니다. 또 정책이 올해 제약적인 수준에 도달할 것이라고 덧붙였는데요. 시장은 기준금리가 5%를 넘어서야 한다고 주장하던 불러드 총재가 한발 물러서 완화적인 입장을 취한 것이라고 해석했습니다. 반면 캔자스 시티 연은 총재는 연준이 기준금리를 5% 이상으로 올려야 하고, 물가가 안정되고 있다는 신호가 많아지기 전까지 높은 금리를 유지해야 한다고 당부했습니다.시장이 반길 말이 아닌데요.아쉽고, 다행인 걸까요?블러드 총재는 올해 FOMC 투표권이 없고, 에스더 총재는 이달 은퇴합니다.  매파적 발언이 이어지더라도 시장이 연준을 신뢰하는 지는 또 다른 변수죠.FOMC 의사록이 발표되기 전과 후의 정책금리 전망치인데요. 올해 중순 정점을 기록한 뒤 하락할 것이란 금리인하 기대감은 여전한 것으로 보입니다.   다시 숫자를 보죠.시총 상위 종목입니다.애플 1% 하락하며 시총 2조 달러를 다시 내줬습니다.마이크로소프트가 전장에 이어 TOP5 중 가장 크게 내렸고요.알파벳과 아마존이 1%대 하락률을 기록했습니다.아마존은 기존에 정리 해고자 수가 1만 명일 것이라고 했지만, 뚜껑을 열어 보니 1만 8천 명이 해고될 것으로 보이죠. 아마존 역사상 가장 큰 규모의 정리해고이자, 동종 업계와 비교해도 큽니다. 유럽 주요국 증시는 FOMC 충격을 하루 늦게 받았습니다.DAX와 CAC 지수가 소폭 하락했는데요.FTSE 지수 계속 한 박자 늦다고 말씀드렸죠.0.64% 상승 마감했습니다. 비트코인 현재 오전 8시 기준 2,150만 원 선에 거래되고 있습니다. 불안한 소식이 한 가지 있다면 가상자산 은행 실버게이트 캐피탈의 예금 잔고인데요.지난해 3분기 말에 119억 달러였던 잔고가 4분기 말 38억 달러로 급감했습니다. FTX 사태 이후 불안한 투자자들이 서둘러 인출했기 때문으로 신뢰도는 가상자산 가격과도 연결될 것으로 보입니다.국제유가는 2거래일 연속 크게 하락하더니 반등했습니다.WTI가 1.14% 오르면서 배럴당 73달러 선에 거래를 마쳤는데요.미국의 휘발유, 경유 재고가 크게 줄어든 영향을 받았습니다. 유가 변동성은 한동안 클 것으로 예상되는데요.미국에서 겨울 폭풍으로 가동 중단된 정제소가 있고, 글로벌 경기가 둔화하고 있고, 미국의 1월 중순 날씨가 평년보다 따뜻할 것으로 예상되고, 중국의 코로나19 확산세 등 공급, 수요 측면의 변수가 있기 때문입니다. 
		",2023-01-06 08:15:01
지난해 비트코인 채굴시 배출된 CO2 8630만톤,2023.01.06,토큰포스트,https://www.tokenpost.kr,,
"[코인시황] 비트코인 1만6850달러, 리플 1%↓·이더리움 1251달러 횡보",2023.01.06,글로벌이코노믹,http://www.g-enews.com/,,
코웬 목표가 하향에 '코인베이스' 주가 하루만에 상승분 제자리,2023.01.06,경향게임스,http://www.khgames.co.kr/,,
[시세브리핑] 美 고용 호조 신호에 위험 회피 강화...비트코인 1만6850달러선,2023.01.06,토큰포스트,https://www.tokenpost.kr,,
[미국주식] 코인 관련주 실버게이트 캐피털 주가 ‘폭락’…뉴욕증시 3대 지수...,2023.01.06,에너지경제,http://www.ekn.kr,,
[가상화폐 시황] 비트코인·이더리움 약세…리플 2.5% 하락,2023.01.06,데일리한국,http://daily.hankooki.com,,
"아르헨티나 부켈레의 부상?...유력 대선 후보 ""비트코인, 법정화폐 대안 될 수...",2023.01.06,코인리더스,http://coinreaders.com,,
"비트코인 가격 횡보에 투심 악화..CME 암호화폐 거래량, 2년래 최저 수준 급락",2023.01.06,코인리더스,http://coinreaders.com,,
"비트코인, 횡보세 지속…긴축 우려에 투심 위축",2023.01.06,이데일리,https://n.news.naver.com/mnews/article/018/0005401293?sid=105,"
비트코인, 20일 넘게 1만6000달러 중반에 갇혀미국 민간 고용시장 여전히 뜨거운 것으로 확인연준 긴축 강화 우려에 투자자들 관망세[이데일리 임유경 기자] 가상자산 대장주 비트코인이 횡보세를 벗어나지 못하고 있다. 미국의 민간 고용 시장이 여전히 강한 것으로 확인되고 긴축 강화 우려가 커져, 가상자산 시장도 영향을 받는 모습이다. 6일 가상자산 시황 사이트 코인마켓캡에 따르면 이날(오전 8시 기준) 비트코인 시세는 24시간 전 대비 0.08% 상승한 1만6850달러를 기록했다. 비트코인에 이어 두 번째로 시가총액이 큰 이더리움은 0.24% 떨어진 1251달러에 거래 중이다. 전체 가상자산 시총 규모는 0.01% 줄어 8189달러를 기록했다.비트코인 시세는 지난달 16일부터 20일 넘게 1만6500~1만7000달러 범위에 갇혀, 횡보하는 중이다. 투자자들은 올해도 연방준비제도(연준·Fed)의 긴축 기조가 계속될 것이란 전망에 경계심을 높이고 있다.



5일(현지시간) 발표된 ADP 전미 고용보고서는 투자 심리를 또한 번 위축시켰다. 보고서에 따르면 12월 민간 부문 고용은 직전 달보다 23만5000명 늘어난 것으로 나타났는데, 이는 월스트리트저널이 집계한 15만3000명을 크게 웃도는 수준이다.주간 실업 보험 청구자수는 계절조정 기준으로 20만명으로 집계됐다. 이는 전 주보다 1만9000명 감소했고, 전문가 예상치(22만3000명)도 하회한 수치다.여전히 미국 노동 시장이 뜨겁다는 경제 지표들이 나오면서, 연준이 긴축의 고삐를 놓지 않을 것이란 우려가 커지고 있다. 인플레이션이 연준 목표 대로 2%까지 내려가려면, 서비스 물가가 잡혀야 하는데 이는 임금상승세와 밀접한 연관이 있기 때문이다.
",2023-01-06 09:18:05
